OriginalTitle,Year,DateWatched,Rating
"3:10 to Yuma","2007","2023-11-14","7.7"
"3:10 to Yuma","2007","2022-07-18","7.5"
"12 Mighty Orphans","2021","2022-06-08","7.5"
"20th Century Women","2016","",""
"55 Steps","2017","2021-08-30","8.0"
"2001: A Space Odyssey","1968","2021-10-08","8.3"
"A Beautiful Day in the Neighborhood","2019","2020-05-24","8.0"
"A Beautiful Mind","2001","2021-03-11","10.0"
"A Big Hand for the Little Lady","1966","2020-10-12","8.0"
"A Brilliant Young Mind","2014","2016-02-04","7.5"
"A Christmas Carol","1938","","8.0"
"A Christmas Carol","1951","","8.0"
"A Christmas Carol","1959","","8.0"
"A Christmas Carol","1999","","8.0"
"A Christmas Tale","2008","","8.0"
"A Clockwork Orange","1971","","8.3"
"A Cowgirl's Story","2017","2017-08-28","5.1"
"A Dangerous Method","2011","","7.0"
"A Dog's Journey","2019","2020-05-09","7.5"
"A Dog's Purpose","2017","2017-09-03","6.8"
"A Face in the Crowd","1957","","8.0"
"A Farewell to Arms","1932","","8.0"
"A Farewell to Arms","1957","","5.8"
"A Few Good Men","1992","2020-06-21","8.0"
"A Film Unfinished","2010","","6.0"
"A Fish Called Wanda","1988","","10.0"
"A Fistful of Dollars","1964","","8.0"
"A Good Day to Die Hard","2013","","6.0"
"A Good Year","2006","","6.0"
"A Hidden Life","2019","2021-08-17","7.0"
"A History of Violence","2005","","7.0"
"A Hologram for the King","2016","2016-10-31","7.0"
"A Knight's Tale","2001","","6.0"
"A Late Quartet","2012","","8.0"
"A Little Chaos","2014","2020-05-09","9.0"
"A Little Game","2014","2015-06-29","7.5"
"A Little Princess","1995","","8.0"
"A Little Romance","1979","2017-02-11","7.5"
"A Long Way Down","2014","2015-01-31","8.0"
"A Man Called Otto","2022","2023-06-18","8.0"
"A Man Escaped","1956","","8.3"
"A Matter of Size","2009","","7.0"
"A Monster Calls","2016","2017-04-30","7.5"
"A Most Wanted Man","2014","","7.0"
"A Night in Old Mexico","2013","2015-02-14","7.5"
"A Perfect Day","2015","2017-01-01","8.0"
"A Private War","2018","2019-03-22","7.0"
"A Quiet Place","2018","2020-11-02","8.0"
"A Quiet Place Part II","2020","2021-11-12","9.0"
"A Royal Affair","2012","","8.0"
"A Separation","2011","","7.0"
"A Serious Man","2009","","7.0"
"A Simple Favor","2018","2019-03-01","6.9"
"A Simple Plan","1998","2021-01-01","8.5"
"A Single Man","2009","2021-01-30","8.0"
"A Star Is Born","2018","2019-03-23","10.0"
"A Street Cat Named Bob","2016","2017-05-14","7.5"
"A Thousand and One","2023","2023-12-06","7.0"
"A Thousand Years of Good Prayers","2007","","6.0"
"A Touch of Sin","2013","","7.1"
"A United Kingdom","2016","2018-01-01","6.8"
"A Walk Among the Tombstones","2014","2015-09-04","8.5"
"A Walk in the Woods","2015","2020-08-23","8.0"
"A Wrinkle in Time","2018","2023-09-17","7.0"
"A.I. Artificial Intelligence","2001","","7.2"
"About Time","2013","2019-11-24","9.0"
"Above Suspicion","2019","","5.7"
"Absence of Malice","1981","2021-02-16","7.5"
"Absolute Power","1997","","7.0"
"According to Greta","2009","2013-10-25","6.2"
"Ace Ventura: Pet Detective","1994","2014-05-21","8.0"
"Across the Universe","2007","2019-10-06","9.0"
"Act of Valor","2012","","8.0"
"Acts of Violence","2018","2019-01-04","5.2"
"Ad Astra","2019","2024-01-08","7.5"
"Adam","2009","2017-02-12","7.0"
"Adaptation.","2002","2015-08-30","8.0"
"Admission","2013","","6.0"
"Adrift","2018","2018-12-08","8.0"
"Advise & Consent","1962","","9.0"
"After The Wedding","2006","","7.0"
"After the Wedding","2019","2020-11-11","8.0"
"Against All Odds","1984","","6.0"
"Against the Sun","2014","2015-08-30","7.5"
"A.I. Artificial Intelligence","2001","2020-10-12","8.5"
"Air","2015","2015-11-16","6.5"
"Air","2023","2023-05-24","9.0"
"Akeelah and the Bee","2006","","9.0"
"Aladdin","2019","2020-03-19","7.0"
"Alice in Wonderland","2010","","8.0"
"Alice's Restaurant","1969","2021-12-03","8.0"
"Alien","1979","2020-11-28","9.0"
"Alien: Covenant","2017","2017-12-14","6.5"
"Alita: Battle Angel","2019","2020-03-19","8.0"
"All About Eve","1950","","8.2"
"All About Steve","2009","","4.8"
"All Is Lost","2013","","8.0"
"All Quiet on the Western Front","2022","2023-06-22","9.0"
"All Relative","2014","2015-10-01","5.0"
"All the Money in the World","2017","2018-04-15","8.0"
"All the President's Men","1976","","7.9"
"All the Pretty Horses","2000","2020-10-12","7.5"
"All the Way","2016","2016-12-17","7.5"
"All the Wilderness","2014","2015-09-03","7.0"
"Allied","2016","2017-10-20","8.0"
"Aloha","2015","2015-10-21","6.0"
"Alone in the Wilderness","2004","2020-08-20","9.0"
"Alpha","2018","2019-03-29","6.7"
"Altered States","1980","","7.0"
"Ambulance","2022","2023-02-13","7.5"
"Le fabuleux destin d'Amélie Poulain","2001","2014-10-25","10.0"
"American Animals","2018","2018-12-08","7.5"
"American Assassin","2017","2018-08-09","8.0"
"American Gangster","2007","","8.0"
"American Hustle","2013","2023-11-14","8.0"
"American Made","2017","2020-01-31","7.5"
"American Pastoral","2016","2017-04-23","7.0"
"American Sniper","2014","2015-08-08","8.5"
"American Ultra","2015","2016-02-06","8.5"
"American Underdog","2021","2022-10-23","7.5"
"Amistad","1997","","7.0"
"Ammonite","2020","2021-08-15","7.5"
"Amour","2012","","5.0"
"Amsterdam","2022","2023-05-08","7.0"
"Amsterdam","2022","","6.1"
"An Autumn Afternoon","1962","","8.1"
"An Education","2009","2019-03-13","7.5"
"An Occurrence at Owl Creek Bridge","2005","","8.0"
"Anatomy of a Murder","1959","","8.0"
"And So It Goes","2014","2015-10-01","7.5"
"Angel Has Fallen","2019","2020-03-19","7.0"
"Angels & Demons","2009","","8.0"
"Anna","2013","2014-02-14","6.5"
"Anna","2013","2015-02-16","6.5"
"Anna","2019","2020-02-15","7.5"
"Anna Karenina","2012","","7.0"
"Annihilation","2018","2018-09-08","6.9"
"Anonymous","2011","","7.0"
"Another Earth","2011","","8.0"
"Another Year","2010","2011-11-14","8.0"
"Anthropoid","2016","2016-12-24","7.5"
"Ant-Man","2015","2019-02-22","9.5"
"Ant-Man and the Wasp","2018","2019-01-04","8.0"
"Antwone Fisher","2002","2011-11-17","7.5"
"Any Day Now","2012","","7.0"
"Apocalypse Now","1979","","9.0"
"Apocalypto","2006","2021-08-30","7.0"
"Apollo 11","2019","2021-09-15","9.0"
"Apollo 13","1995","2019-07-19","10.0"
"Appaloosa","2008","","6.0"
"Aquaman","2018","2019-05-13","9.0"
"Arbitrage","2012","","8.0"
"Archive","2020","2021-06-15","8.5"
"Arctic","2018","2020-01-20","8.0"
"Arctic Tale","2007","","5.0"
"Argo","2012","2018-11-16","9.0"
"Armageddon Time","2022","2023-05-08","7.5"
"Arranged","2007","","9.0"
"Arrival","2016","2020-10-12","8.0"
"Arsenic and Old Lace","1944","","9.0"
"As Good as It Gets","1997","","10.0"
"As High as the Sky","2012","","8.0"
"As It Is in Heaven","2004","2010-11-25","8.0"
"Ashby","2015","2017-07-05","6.4"
"Assassins","2020","","7.5"
"Asteroid City","2023","2024-01-05","8.0"
"At Eternity's Gate","2018","2019-11-16","6.9"
"At Middleton","2013","","8.0"
"Atomic Blonde","2017","2018-03-15","8.0"
"August Rush","2007","","8.0"
"August: Osage County","2013","2014-11-14","8.0"
"Austin Powers: International Man of Mystery","1997","","7.0"
"Austin Powers: The Spy Who Shagged Me","1999","","7.5"
"Australia","2008","2018-09-19","7.5"
"Ava","2020","2021-12-08","6.0"
"Avatar","2009","","10.0"
"Avatar: The Way of Water","2022","2023-07-05","8.0"
"Avengers: Age of Ultron","2015","2016-01-09","8.0"
"Avengers: Endgame","2019","2020-01-07","8.5"
"Avengers: Infinity War","2018","2019-02-11","8.5"
"Awake","2007","","6.0"
"Awake: The Life of Yogananda","2014","2015-12-30","7.5"
"Awakenings","1990","","6.0"
"Away from Her","2006","","6.0"
"Away We Go","2009","","6.0"
"Babel","2006","","8.0"
"Babies","2010","2018-11-12","7.0"
"Baby Driver","2017","2021-12-26","8.0"
"Back to the Future","1985","2021-10-01","8.5"
"Backstabbing for Beginners","2018","2019-01-29","7.5"
"Bad Day at Black Rock","1955","2020-10-12","9.0"
"Bad Times at the El Royale","2018","2019-04-17","7.0"
"Badlands","1973","2021-10-16","8.0"
"Bambi","1942","","7.3"
"Band of Brothers","2001","2016-09-24","9.5"
"Baraka","1992","","8.0"
"Barefoot","2014","2015-05-13","8.0"
"Barney's Version","2010","","8.0"
"Barry Lyndon","1975","","8.0"
"Basic Instinct","1992","2020-10-24","8.0"
"Batman","1989","2021-10-08","8.0"
"Battle of the Sexes","2017","2018-03-15","8.0"
"Be Kind Rewind","2008","","7.0"
"Beasts of the Southern Wild","2012","2020-11-02","8.0"
"Beauty and the Beast","2017","2017-09-22","7.5"
"Becket","1964","","6.0"
"Before I Disappear","2014","2015-10-04","9.0"
"Before I Fall","2017","2021-01-20","9.0"
"Before I Go to Sleep","2014","2015-08-02","8.5"
"Before Midnight","2013","","8.0"
"Before Sunrise","1995","","6.0"
"Before Sunset","2004","","6.0"
"Before the Devil Knows You're Dead","2007","","7.3"
"Before the Rains","2007","","6.0"
"Before We Go","2014","2017-01-31","7.5"
"Begin Again","2013","","8.0"
"Beginners","2010","","6.0"
"Behind Enemy Lines","2001","","7.0"
"Being Charlie","2015","2017-03-19","7.5"
"Being Flynn","2012","","7.0"
"Beirut","2018","2018-12-08","6.5"
"Bel Canto","2018","2020-03-19","5.4"
"Belfast","2021","2022-05-19","9.5"
"Bell Book and Candle","1958","","7.0"
"Bella","2006","","8.0"
"Belle","2013","2015-01-31","7.5"
"Belushi","2020","2021-08-22","7.0"
"Ben-Hur","2016","2017-04-23","7.5"
"Bernie","2011","2012-01-05","6.8"
"Best in Show","2000","2021-11-11","7.5"
"Best Man Down","2012","2013-01-05","6.4"
"Better Call Saul","","2022-06-08","10.0"
"Beyond Belief","2006","","8.0"
"Beyond the Edge","2013","2015-03-14","6.7"
"Big Eyes","2014","2015-06-22","7.5"
"Big Fish","2003","","8.0"
"Big Hero 6","2014","2015-09-25","8.0"
"Big Miracle","2012","","7.0"
"Billy Budd","1962","2012-12-05","8.0"
"Billy Elliot","2000","","8.0"
"Billy Lynn's Long Halftime Walk","2016","2017-08-20","7.5"
"Birdman: Or (The Unexpected Virtue of Ignorance)","2014","2015-03-18","9.0"
"Birds of the Gods","2011","2012-01-05","7.5"
"Biutiful","2010","","6.0"
"Black Adam","2022","","6.3"
"Black Beauty","1994","","6.6"
"Black Book","2006","","8.0"
"Black Butterfly","2017","2017-12-02","7.5"
"Black Hawk Down","2001","","8.0"
"Black Narcissus","1947","2023-04-26","7.5"
"Black or White","2014","2015-12-21","8.0"
"Black Panther","2018","2019-08-15","9.0"
"Black Panther: Wakanda Forever","2022","2023-04-29","7.5"
"Black Sea","2014","2015-10-21","7.5"
"Black Swan","2010","2011-01-05","9.0"
"Black Widow","2021","2021-12-20","7.5"
"Blackboard Jungle","1955","","8.0"
"Blackhat","2015","2015-08-30","6.0"
"BlacKkKlansman","2018","2018-12-08","8.0"
"Blacklight","2022","2023-01-03","4.8"
"Blade Runner","1982","","8.0"
"Blade Runner 2049","2017","2018-01-05","9.0"
"Bless Me, Ultima","2013","","6.4"
"Blinded by the Light","2019","2020-06-08","7.5"
"Blindsight","2006","","6.0"
"Blink","1993","2017-08-05","7.0"
"Blood Alley","1955","","6.3"
"Blood Father","2016","2017-04-01","6.4"
"Blood Simple","1984","","8.0"
"Blow Out","1981","","8.0"
"Blown Away","1994","2020-04-15","7.5"
"Blow-Up","1966","2015-06-17","8.0"
"Three Colors: Blue","1993","","7.0"
"Blue Jasmine","2013","","6.0"
"Blue Jay","2016","2017-02-21","7.5"
"Blue Ruin","2013","2016-05-30","7.5"
"Blue Velvet","1986","","8.0"
"Bobby","2006","","8.0"
"Body Heat","1981","","6.0"
"Body of Lies","2008","","7.0"
"Bohemian Rhapsody","2018","2019-02-28","10.0"
"Bolt","2008","","8.0"
"Bombshell","2019","2020-07-31","6.8"
"Bonnie and Clyde","1967","","8.0"
"Book Club","2018","2019-08-30","7.0"
"Booksmart","2019","2020-04-21","7.0"
"Bottle Shock","2008","2020-10-28","7.0"
"Jason Bourne","2016","2024-01-08","8.0"
"Boy Erased","2018","2019-05-13","8.0"
"Boy Meets Girl","2014","2015-09-18","7.0"
"Boyhood","2014","2015-03-03","6.0"
"Boys Don't Cry","1999","","8.0"
"Braveheart","1995","","10.0"
"Brazil","1985","","6.0"
"Breakfast at Tiffany's","1961","","8.0"
"Breaking Bad","2008","2016-10-31","9.5"
"Breaking In","2018","2018-12-08","7.5"
"Breathe","2017","2019-01-04","8.0"
"Breathless","1960","","7.0"
"Brian Banks","2018","2021-11-12","8.0"
"Bride Flight","2008","","6.0"
"Brideshead Revisited","2008","","6.0"
"Bridesmaids","2011","","7.0"
"Bridge of Spies","2015","2016-03-03","9.0"
"Bridge to Terabithia","2007","","6.0"
"Brief Encounter","1945","","8.0"
"Brigham City","2001","2017-08-04","7.0"
"Bright Star","2009","","3.0"
"Broken City","2013","","6.0"
"Broken Trail","2006","","8.0"
"Brooklyn","2015","2016-04-30","8.5"
"Brothers","2009","","7.0"
"Buck","2011","2021-02-06","8.5"
"Bull Durham","1988","",""
"Bullet Train","2022","2022-12-22","5.0"
"Bullitt","1968","2018-10-01","10.0"
"Burlesque","2010","","6.0"
"Burn After Reading","2008","","6.0"
"Burnt","2015","2023-11-14","8.5"
"Butch Cassidy and the Sundance Kid","1969","","10.0"
"Butter","2011","","6.0"
"Caché","2005","2021-12-05","7.0"
"Caddyshack","1980","","8.0"
"Cadillac Records","2008","","8.0"
"Cairo Time","2009","","6.0"
"Cake","2014","2015-06-06","6.5"
"Call Me by Your Name","2017","","8.0"
"Call Me Crazy: A Five Film","2013","2015-02-07","7.5"
"Calvary","2014","2015-02-14","8.0"
"Camp X-Ray","2014","2015-10-08","8.5"
"Can You Ever Forgive Me?","2018","2022-04-17","9.5"
"Cape Fear","1962","2021-10-01","7.0"
"Cape Fear","1991","2021-09-30","7.0"
"Capernaum","2018","2020-03-19","8.0"
"Capitalism: A Love Story","2009","2019-01-23","7.5"
"Capote","2005","","8.0"
"Captain America: Civil War","2016","2017-01-09","8.0"
"Captain America: The Winter Soldier","2014","","9.0"
"Captain Fantastic","2016","2017-11-09","8.0"
"Captain Marvel","2019","2020-03-19","7.0"
"Captain Phillips","2013","2013-12-01","8.5"
"Captains Courageous","1937","","9.0"
"Caramel","2007","2014-08-23","7.0"
"Carnage","2011","","6.0"
"Carol","2015","2020-01-07","7.0"
"Carrie","1976","",""
"Casablanca","1942","2019-08-01","10.0"
"Casino Royale","1967","","7.5"
"Casino Royale","2006","2020-04-21","10.0"
"Cassandra's Dream","2007","","7.0"
"To Catch a Thief","1955","","8.0"
"Catch Me If You Can","2002","","10.0"
"Central Intelligence","2016","2017-10-20","6.3"
"Central Station","1998","","8.0"
"Changeling","2008","","8.0"
"Chaos Theory","2007","","4.0"
"Chappaquiddick","2017","2018-11-08","7.0"
"Chappie","2015","2015-12-04","7.0"
"Charade","1963","","8.0"
"Che: Part One","2008","","4.0"
"Chef","2014","","7.5"
"Chéri","2009","","6.0"
"Chicago","2002","","7.2"
"Chicken with Plums","2011","","7.0"
"Child 44","2015","2015-11-05","8.0"
"Children of a Lesser God","1986","","7.5"
"Children of Heaven","1997","","6.0"
"Children Of Men","2006","","7.0"
"Chinatown","1974","","10.0"
"Chisum","1970","","8.0"
"Chocolat","2000","","9.0"
"A Christmas Carol","2009","2019-01-23","8.0"
"It's a Wonderful Life","1946","2021-12-26","10.0"
"The Man Who Invented Christmas","2017","2018-07-18","7.5"
"Christopher Robin","2018","2019-01-04","6.0"
"Cinderella Man","2005","","8.0"
"Cinema Paradiso","1988","","10.0"
"Citizen Kane","1941","","8.3"
"Citizen X","1995","2016-02-20","8.5"
"City Island","2009","","7.0"
"City Lights","1931","2019-02-08","8.5"
"City of Ember","2008","","6.0"
"Clear and Present Danger","1994","","8.0"
"Clockers","1995","2021-02-27","8.0"
"Close Encounters of the Third Kind","1977","2020-11-02","10.0"
"Closed Circuit","2013","","7.0"
"Cloud Atlas","2012","","6.0"
"Coach Carter","2005","","8.0"
"Coco","2017","2020-11-02","9.5"
"Coco Before Chanel","2009","","8.0"
"Coco Chanel & Igor Stravinsky","2009","","7.0"
"Coffee and Cigarettes","2003","",""
"Cold Mountain","2003","","8.0"
"Cold Pursuit","2019","2020-03-19","7.5"
"Cold Souls","2008","","6.0"
"Cold War","2018","2020-04-12","8.0"
"Colette","2018","2019-03-09","7.5"
"Collateral Beauty","2016","2017-06-20","6.8"
"Collide","2016","2017-09-04","7.5"
"Colonia","2015","2016-11-04","7.0"
"Colossal","2016","2018-02-04","6.2"
"Come and Find Me","2016","2019-02-08","5.7"
"Come and See","1985","2021-12-03","7.5"
"Concussion","2015","2019-11-15","9.0"
"Confessions of a Shopaholic","2009","","6.0"
"Contact","1997","","10.0"
"Contagion","2011","2020-05-01","7.0"
"Contraband","2012","","6.0"
"Conviction","2010","","6.0"
"Cool Hand Luke","1967","2019-02-08","8.0"
"Cop Car","2015","2016-01-16","7.0"
"Coraline","2009","","8.0"
"Cowboys & Aliens","2011","","6.0"
"Crash","2004","2020-05-11","10.0"
"Crazy Heart","2009","2014-08-24","8.0"
"Crazy Rich Asians","2018","2019-01-29","8.5"
"Creation","2009","","8.0"
"Creed","2015","2016-01-23","8.5"
"Creed III","2018","2019-07-21","7.0"
"Criminal","2016","2016-10-02","7.0"
"Crimson Tide","1995","","8.0"
"Crooked Arrows","2012","","7.0"
"Crouching Tiger, Hidden Dragon","2000","","9.0"
"Cry Macho","2021","2022-09-18","5.7"
"Curvature","2017","2019-01-04","7.0"
"Cut Bank","2014","2016-01-06","9.0"
"Cyrano de Bergerac","1950","","10.0"
"Dallas Buyers Club","2013","2019-02-26","8.0"
"Dances with Wolves","1990","","10.0"
"Danny Collins","2015","2015-11-28","8.0"
"Dark Passage","1947","","8.0"
"Dark Places","2015","2016-01-02","8.0"
"Dark Waters","2019","2020-08-12","9.5"
"Darkest Hour","2017","2018-04-10","7.5"
"Darkman","1990","2021-02-03","7.5"
"Date Night","2010","","7.0"
"David and Bathsheba","1951","","8.0"
"Dead Poets Society","1989","2021-10-27","8.0"
"Deadpool","2016","2017-03-13","5.0"
"Deadpool 2","2018","2018-11-17","7.5"
"Dear Frankie","2004","","6.0"
"Death on the Nile","2022","2022-08-15","6.3"
"Death Wish","2018","2018-10-24","7.0"
"Deathtrap","1982","2018-09-11","8.0"
"Deepwater Horizon","2016","2017-01-11","8.0"
"Defiance","2008","","8.0"
"Deja Vu","2006","","10.0"
"Delicacy","2011","","6.0"
"Delicatessen","1991","","8.0"
"Delivery Man","2013","","8.0"
"Demolition","2015","2016-11-05","7.5"
"Den of Thieves","2018","2018-08-30","8.0"
"Denial","2016","2017-06-08","7.0"
"Departures","2008","","8.0"
"Derailed","2005","2015-02-16","7.5"
"Destroyer","2018","2020-04-24","7.0"
"Devil in a Blue Dress","1995","","8.0"
"Devil's Knot","2013","","5.9"
"Devotion","2022","2023-04-17","7.0"
"Diabolique","1955","2019-02-26","8.0"
"Dial M for Murder","1954","","8.0"
"Diana Krall: Live in Paris","2001","","8.0"
"Diary of a Country Priest","1951","","7.9"
"Diary of a Lost Girl","1929","2021-12-03","7.5"
"Did You Hear About the Morgans?","2009","","6.0"
"Die Another Day","2002","2020-12-15","8.0"
"Die Hard","1988","","8.2"
"Difret","2014","2017-01-02","6.7"
"Dinner for Schmucks","2010","","8.0"
"Dirty Dancing","1987","","8.0"
"Dirty Harry","1971","","10.0"
"District 9","2009","","4.0"
"Disturbia","2007","","6.0"
"Divergent","2014","","9.0"
"Allegiant","2016","2016-10-09","5.8"
"The Divergent Series: Insurgent","2015","2015-12-19","8.5"
"Django Unchained","2012","","10.0"
"Doctor Sleep","2019","2020-08-01","7.5"
"Doctor Strange","2016","2017-09-03","8.0"
"Doctor Strange in the Multiverse of Madness","2022","2022-11-19","7.5"
"Doctor Zhivago","1965","","10.0"
"Dog","2022","2022-07-19","8.0"
"Dog Years","2017","","6.9"
"Don Juan DeMarco","1995","","6.0"
"Donnie Darko","2001","","8.0"
"Don't Look Back: The Story of Leroy 'Satchel' Paige","1981","","7.0"
"Don't Think Twice","2016","2017-01-09","7.5"
"Double Indemnity","1944","","9.0"
"Doubt","2008","","8.0"
"Downfall","2004","","9.0"
"Downsizing","2017","2018-04-26","7.0"
"Downton Abbey","2019","2020-03-29","7.5"
"Dr. No","1962","","8.0"
"Draft Day","2014","","7.0"
"Dragged Across Concrete","2018","2020-03-29","7.5"
"Dreamin' Wild","2022","","6.5"
"Drive","2011","","6.0"
"Due Date","2010","","8.0"
"Duel in the Sun","1946","","6.8"
"Dumb and Dumber","1994","","6.0"
"Dumbo","2019","","6.3"
"Dune","2021","2022-04-01","8.5"
"Dunkirk","2017","2019-03-13","7.0"
"Duplicity","2009","","8.0"
"Eagle Eye","2008","","6.0"
"East Side Sushi","2014","2016-09-15","8.0"
"Eastern Promises","2007","2018-11-17","7.0"
"Easy A","2010","2021-01-16","8.5"
"Easy Rider","1969","","7.5"
"Easy Virtue","2008","","8.0"
"Eat Pray Love","2010","","6.0"
"Echo in the Canyon","2018","2020-10-17","9.0"
"Eddie the Eagle","2016","2016-10-03","8.0"
"Edge of Darkness","2010","2018-10-13","8.0"
"Edge of Tomorrow","2014","2018-02-08","8.0"
"Educating Rita","1983","2017-12-13","10.0"
"Eight Below","2006","","8.0"
"Eighth Grade","2018","2021-09-29","8.0"
"El Camino: A Breaking Bad Movie","2019","2021-02-27","9.0"
"El Capitan","1978","","8.2"
"El Dorado","1966","2021-07-29","10.0"
"Elegy","2008","","6.0"
"Elf","2003","2019-12-06","7.0"
"Elite Squad 2: The Enemy Within","2010","2016-06-01","8.0"
"Elle","2016","2017-06-08","5.0"
"Elling","2001","","9.5"
"Elvis","2022","","7.4"
"Elvis and Anabelle","2007","2016-09-10","8.0"
"Elyse","2020","","4.2"
"Emmanuel's Gift","2005","","6.0"
"Emperor","2012","","8.0"
"Empire of Light","2022","2023-09-17","8.5"
"Empire of the Sun","1987","","8.0"
"Employee of the Month","2006","2017-06-08","7.0"
"Encanto","2021","2022-05-19","7.2"
"Encounters at the End of the World","2007","","6.0"
"End of Watch","2012","2018-12-22","8.0"
"Endeavour","2012","2019-03-13","8.5"
"Ender's Game","2013","","8.0"
"Enlighten Up!","2008","","4.0"
"Enough Said","2013","","7.0"
"Erased","2012","","6.1"
"Erin Brockovich","2000","2019-03-13","8.0"
"Escape from Alcatraz","1979","","10.0"
"Escape from Pretoria","2020","2020-11-11","7.5"
"Escape Plan","2013","2020-07-10","7.0"
"Escobar: Paradise Lost","2014","2016-01-16","8.0"
"Eternal Sunshine of the Spotless Mind","2004","2020-12-06","9.5"
"Eternals","2021","2022-05-19","4.3"
"National Lampoon's European Vacation","1985","","7.0"
"Even the Rain","2010","","4.0"
"That Evening Sun","2009","","8.0"
"Everest","1998","","7.0"
"Everest: 50 Years on the Mountain","2003","","7.9"
"Everlasting Moments","2008","","8.0"
"Every Breath You Take","2021","2023-03-21","5.3"
"Every Day","2018","2019-01-21","8.5"
"Every Little Step","2008","","6.0"
"Everybody's Fine","2009","","7.0"
"Everything Everywhere All at Once","2022","2022-12-08","7.5"
"Everything Is Illuminated","2005","","6.0"
"Ex Machina","2015","2015-11-22","9.0"
"Exam","2009","2017-08-07","8.0"
"Excalibur","1981","","6.0"
"Exit Through The Gift Shop","2010","","6.0"
"Exodus: Gods and Kings","2014","2015-09-20","6.1"
"Extraordinary Measures","2010","","6.0"
"Extremely Loud & Incredibly Close","2011","","9.0"
"Eye in the Sky","2015","2016-09-10","7.5"
"Eye of the Needle","1981","","10.0"
"Fados","2007","","1.0"
"Fahrenheit 451","2018","2019-04-08","4.9"
"Fair Game","2010","","8.0"
"Fallen","1998","","6.0"
"Family Plot","1976","","8.0"
"Family Weekend","2013","2019-04-08","6.3"
"Fantastic Beasts and Where to Find Them","2016","2019-01-04","7.5"
"Fantastic Beasts: The Crimes of Grindelwald","2018","2019-05-13","8.0"
"Fantastic Beasts: The Secrets of Dumbledore","2022","2022-10-18","7.0"
"Fantastic Four","2015","2016-04-29","6.0"
"Fantastic Mr. Fox","2009","","8.0"
"Far and Away","1992","","6.0"
"Far from the Madding Crowd","2015","2015-11-28","8.0"
"Farewell","2009","","8.0"
"Fargo","1996","","8.0"
"Fast Color","2018","2021-02-03","8.5"
"Fastball","2016","2016-12-05","7.5"
"Fatale","2020","2021-05-06","7.0"
"Fathers & Daughters","2015","2017-01-14","7.5"
"Fences","2016","2017-10-10","8.0"
"50 to 1","2014","2015-08-22","7.0"
"50/50","2011","2012-02-13","8.0"
"Film Stars Don't Die in Liverpool","2017","2018-09-26","7.5"
"Finding Forrester","2000","","10.0"
"Finding Nemo","2003","","8.0"
"Finding Neverland","2004","","9.0"
"Fire Birds","1990","","4.0"
"First Blood","1982","","7.7"
"First Blood","1982","","10.0"
"First Man","2018","2019-10-18","9.5"
"First Position","2011","","6.0"
"Fisherman's Friends","2019","2021-08-24","8.0"
"Fitzcarraldo","1982","","9.5"
"5 Days of War","2011","2017-06-26","5.6"
"Five Easy Pieces","1970","","8.0"
"500 Days of Summer","2009","2010-02-02","8.0"
"5 to 7","2014","2015-12-01","8.0"
"Flight","2012","","8.0"
"Florence Foster Jenkins","2016","2017-09-16","6.9"
"Flower","2017","2019-02-21","6.5"
"Flying Tigers","1942","","6.8"
"Focus","2015","2019-04-08","6.6"
"Fool's Gold","2008","","5.7"
"Footloose","1984","","8.0"
"For a Few Dollars More","1965","","8.0"
"For Whom the Bell Tolls","1943","","8.0"
"Ford v Ferrari","2019","2022-06-13","10.0"
"Foreign Correspondent","1940","2016-04-14","8.0"
"The Foreigner","2017","2018-04-10","8.0"
"Forever Strong","2008","","8.0"
"Forgetting Sarah Marshall","2008","","6.0"
"Forrest Gump","1994","","10.0"
"Forsaken","2015","2016-06-30","7.0"
"Fort Apache","1948","","10.0"
"Fort Bliss","2014","2015-04-22","8.5"
"47 Ronin","2013","","7.5"
"4 Minute Mile","2014","2015-03-28","7.0"
"Foxcatcher","2014","2015-05-01","7.5"
"Fracture","2007","","10.0"
"Frantz","2016","2019-02-11","8.5"
"Freaks","2018","2020-11-30","7.0"
"Free Guy","2021","2022-07-18","8.5"
"Free Solo","2018","2019-03-29","10.0"
"Free State of Jones","2016","2017-02-04","7.0"
"Freedom Writers","2007","","10.0"
"French Cancan","1955","","7.4"
"Frenzy","1972","","10.0"
"Frida","2002","","9.0"
"Friday Night Lights","2004","","8.0"
"Fried Green Tomatoes","1991","","8.0"
"From Russia with Love","1963","2020-12-15","7.5"
"Frontera","2014","2015-01-31","8.0"
"Frozen","2013","","8.0"
"Frozen II","2019","2020-04-25","7.0"
"Frozen River","2008","","6.0"
"Fruitvale Station","2013","2016-05-26","9.0"
"Fugitive Pieces","2007","2017-09-16","8.0"
"Full Metal Jacket","1987","","8.5"
"Furious 7 ","2015","2015-12-30","7.5""Gallipoli","1981","","10.0"
"Gambit","2012","","8.0"
"Game Night","2018","2018-10-24","7.0"
"Game of Thrones","2011","2019-08-07","9.5"
"Game Over","2003","2021-02-04","6.0"
"Gangs of New York","2002","2021-10-10","7.5"
"Garden State","2004","2021-02-21","8.5"
"Gattaca","1997","","6.0"
"Gemini Man","2019","2020-06-08","6.5"
"Genius","2016","2017-02-27","7.0"
"Geronimo: An American Legend","1993","","7.0"
"Get Low","2010","","6.0"
"Get Out","2017","2017-08-20","8.0"
"Get Smart","2008","","8.0"
"Get the Gringo","2012","","7.0"
"Ghost","1990","","8.0"
"Ghost in the Shell","2017","2017-10-29","8.0"
"Ghost Town","2008","","6.0"
"Ghostbusters: Afterlife","2021","2022-04-01","8.0"
"Gifted","2017","2017-11-05","8.0"
"Girl on a Bicycle","2013","2020-01-20","7.0"
"Gladiator","2000","","10.0"
"Glengarry Glen Ross","1992","","8.0"
"Gloomy Sunday","1999","","6.0"
"Glory","1989","","8.0"
"Glory Road","2006","","6.0"
"Going in Style","2017","2017-10-04","8.0"
"Gold","2016","2017-05-07","7.0"
"GoldenEye","1995","","8.0"
"Goldfinger","1964","","8.0"
"Gone","2012","","7.0"
"Gone Girl","2014","2022-06-14","8.0"
"Gone With The Wind","1939","","8.0"
"Joe Bell","2020","2022-06-08","6.0"
"Good Kill","2014","2015-10-09","7.5"
"Good Night, and Good Luck.","2005","","8.0"
"Good People","2014","2015-10-03","5.5"
"Good Will Hunting","1997","2019-06-19","10.0"
"Goodbye Christopher Robin","2017","2018-06-26","7.0"
"Goodbye Solo","2008","2019-06-05","7.5"
"Goodfellas","1990","","9.0"
"Grace Is Gone","2007","","7.0"
"Grace of Monaco","2014","2020-01-30","9.0"
"Gran Torino","2008","2019-06-07","10.0"
"Grandma","2015","2016-05-26","8.0"
"Gravity","2013","2020-11-02","10.0"
"Great Expectations","2012","2015-01-31","9.0"
"Greater","2016","2017-09-03","7.0"
"Green Book","2018","2019-03-22","9.5"
"Green Zone","2010","2019-06-25","6.8"
"Greenberg","2010","","3.0"
"Greenland","2020","2021-08-24","7.5"
"Greta","2018","","6.0"
"Gridiron Gang","2006","","8.0"
"Griffin & Phoenix","2006","","7.0"
"Gringo","2018","2018-10-13","7.0"
"Groundhog Day","1993","2021-10-08","8.0"
"Guardians of the Galaxy","2014","2019-06-25","8.0"
"Guinevere","1999","","6.0"
"Hachi: A Dog's Tale","2009","","8.0"
"Hacksaw Ridge","2016","2017-02-22","8.5"
"Hail, Caesar!","2016","2016-10-30","7.0"
"Hamburger Hill","1987","2024-01-08","7.5"
"Hancock","2008","","6.0"
"Hang 'Em High","1968","","8.0"
"Hanna","2011","","7.0"
"Happy Death Day","2017","2021-01-02","8.5"
"Happy People: A Year in the Taiga","2010","","6.0"
"Happy-Go-Lucky","2008","","6.0"
"Happythankyoumoreplease","2010","2019-06-25","6.8"
"HaraKiri","1962","","8.6"
"Hard Times","1975","2018-10-06","7.5"
"Harriet","2019","2020-05-24","6.4"
"Harry Potter and the Chamber of Secrets","2002","","10.0"
"Harry Potter and the Deathly Hallows: Part I","2010","","10.0"
"Harry Potter and the Goblet of Fire","2005","","10.0"
"Harry Potter and the Half-Blood Prince","2009","","10.0"
"Harry Potter and the Order of the Phoenix","2007","","10.0"
"Harry Potter and the Prisoner of Azkaban","2004","","10.0"
"Harry Potter and the Sorcerer's Stone","2001","","10.0"
"Harvey","1950","","10.0"
"Hawkeye and the Last of the Mohicans","1957","","7.7"
"Haywire","2011","","7.0"
"Headhunters","2011","","8.0"
"Heart of Glass","1976","","7.0"
"Heartbreaker","2010","","8.0"
"Hearts Beat Loud","2018","2019-01-21","7.0"
"Heat","1995","","9.0"
"Heaven Is for Real","2014","","6.0"
"Heaven's Gate","1980","2021-01-03","7.5"
"Hector and the Search for Happiness","2014","2019-11-22","9.0"
"Hell or High Water","2016","2017-01-19","8.0"
"Hello, My Name Is Doris","2015","2016-07-31","7.5"
"Hemingway & Gellhorn","2012","","7.0"
"Hemingway's Adventures of a Young Man","1962","","8.0"
"Her","2013","","6.0"
"Here Alone","2016","2017-12-13","7.0"
"Here Today","2021","2022-05-19","9.0"
"Here Today","2021","2022-09-18","7.0"
"Hereafter","2010","","7.0"
"Hero","2002","","8.0"
"He's Just Not That Into You","2009","","6.0"
"Hidden Figures","2016","2020-04-17","8.0"
"High Crimes","2002","","10.0"
"High Noon","1952","","8.0"
"High Plains Drifter","1973","","8.0"
"Higher Ground","2011","","6.0"
"Hitchcock","2012","","7.0"
"The Hobbit: The Battle of the Five Armies","2014","2020-12-27","9.5"
"The Hobbit: The Desolation of Smaug","2013","2020-12-27","10.0"
"Holes","2003","2023-10-30","7.0"
"Hombre","1967","2019-07-17","8.0"
"Home Again","2017","2018-08-17","5.0"
"Home Alone","1990","2021-12-26","7.6"
"Home Alone 2: Lost in New York","1992","2019-12-20","7.0"
"Homefront","2013","","6.3"
"Hondo","1953","","8.0"
"Honest Thief","2020","2021-04-02","8.0"
"Hope Springs","2012","","8.0"
"Hopscotch","1980","2016-03-12","8.5"
"Horton Hears a Who!","2008","","7.0"
"Hostage","2005","","7.0"
"Hostiles","2017","2018-08-27","8.0"
"Hot Tub Time Machine","2010","","7.0"
"Hotel Artemis","2018","2019-02-18","7.0"
"Hotel Mumbai","2018","2020-01-30","8.0"
"Hotel Rwanda","2005","","10.0"
"Houdini","2014","2015-06-03","7.5"
"House of Cards","2013","2016-07-04","9.0"
"House of D","2004","","6.0"
"House of Flying Daggers","2004","","8.0"
"House of Gucci","2021","2022-05-19","6.6"
"House of Sand and Fog","2003","2019-07-17","8.0"
"How About You","2007","","8.0"
"How Do You Know","2010","","5.0"
"How to Train Your Dragon","2010","2019-07-17","8.0"
"How to Train Your Dragon 2","2014","2015-04-14","8.0"
"Hugo","2011","","8.0"
"Hunt for the Wilderpeople","2016","2016-12-11","8.5"
"Hunter Killer","2018","2019-05-13","7.0"
"Hustlers","2019","2020-04-19","7.5"
"Hyde Park on Hudson","2012","","4.0"
"Hysteria","2011","","7.0"
"I Am a Fugitive from a Chain Gang","1932","","8.0"
"I Am David","2004","","7.0"
"I Am Legend","2007","","6.0"
"I Am Trying to Break Your Heart","2002","","7.0"
"I Can Only Imagine","2018","2018-10-01","7.5"
"I Confess","1953","","7.3"
"I Dreamed of Africa","2000","","6.0"
"I Love You, Man","2009","","6.0"
"I Never Promised You a Rose Garden","1977","","6.4"
"I Origins","2014","2015-06-29","8.5"
"I, Robot","2004","2019-12-08","6.0"
"I, Tonya","2017","2018-04-26","8.0"
"Identity Thief","2013","","4.0"
"Idiocracy","2006","2021-01-20","6.6"
"If Beale Street Could Talk","2018","2019-04-17","7.5"
"If I Stay","2014","2015-04-30","6.8"
"Igby Goes Down","2002","","6.0"
"Il divo","2008","","7.0"
"I'll See You in My Dreams","2015","2016-01-24","7.0"
"Illusion","2004","2016-09-10","8.0"
"I'm Not There","2007","2020-11-30","7.5"
"Immigrant","2013","2015-09-18","7.0"
"Imperium","2016","2019-08-03","6.5"
"In a Better World","2010","","6.0"
"In a Lonely Place","1950","","6.0"
"In America","2002","","8.0"
"In Darkness","2011","2018-10-01","7.5"
"In Darkness","2018","2018-10-13","5.7"
"In Jackson Heights","2015","","7.2"
"In July","2000","","8.0"
"In the Bedroom","2001","2020-10-24","10.0"
"In the Heart of the Sea","2015","2016-04-30","8.0"
"In the Loop","2009","","8.0"
"In the Valley of Elah","2007","","8.0"
"In Time","2011","2019-12-10","9.0"
"Incendies","2010","","7.0"
"Inception","2010","2020-01-20","10.0"
"Incredibles 2","2018","","7.6"
"Independence Day","1996","2020-08-10","7.0"
"Indian Horse","2017","2020-05-09","7.0"
"Indiana Jones and the Kingdom of the Crystal Skull","2008","","10.0"
"Indiana Jones and the Last Crusade","1989","","10.0"
"Indiana Jones and the Temple of Doom","1984","","10.0"
"Raiders of the Lost Ark","1981","","10.0"
"Indignation","2016","2017-06-08","6.0"
"Inequality for All","2013","","8.0"
"Inferno","2016","2017-04-12","6.2"
"Infinitely Polar Bear","2014","2016-04-01","7.0"
"Infinity Chamber","2016","2020-03-29","8.0"
"Inglourious Basterds","2009","","8.0"
"Inside Llewyn Davis","2013","","10.0"
"Inside Out","2015","2018-11-30","9.5"
"Inside the Living Body","2007","2015-06-17","8.0"
"Inside the Met","","","6.6"
"Instant Family","2018","2019-07-22","8.0"
"Interstate 60","2002","2016-08-29","8.0"
"Interstellar","2014","2019-07-10","9.5"
"Into the Forest","2015","2017-03-30","6.0"
"Into the White","2012","2019-08-25","7.0"
"Into the Wild","2007","2020-08-22","10.0"
"Into the Woods","2014","2015-05-09","8.5"
"Into Thin Air: Death on Everest","1997","","6.0"
"Intrigo: Death of an Author","2018","2021-08-30","4.0"
"Invictus","2009","2021-07-29","8.0"
"Invincible","2006","","8.0"
"Invitation to a Gunfighter","1964","","9.0"
"Iris","2001","","8.0"
"Iron Man","2008","","8.0"
"Iron Man 3","2013","","7.5"
"Iron Man 2","2010","","8.0"
"Irrational Man","2015","2016-02-04","7.5"
"Irresistible","2020","","6.2"
"Is Anybody There?","2008","","6.0"
"Island in the Sky","1953","2016-06-30","7.5"
"Isle of Dogs","2018","2018-12-08","8.0"
"It","2017","2021-10-08","7.3"
"It Happened One Night","1934","","8.0"
"It Might Get Loud","2008","2020-02-15","9.0"
"Already Tomorrow in Hong Kong","2015","2016-10-25","6.5"
"It's Complicated","2009","2019-08-25","6.5"
"It's Kind of a Funny Story","2010","","8.0"
"Ivan the Terrible, Part I","1944","","7.8"
"I've Loved You So Long","2008","","6.0"
"J. Edgar","2011","","6.0"
"Jack Reacher","2012","2020-10-18","9.0"
"Jack Reacher: Never Go Back","2016","2020-10-18","7.0"
"Jack Ryan: Shadow Recruit","2014","","8.0"
"Jack the Giant Slayer","2013","","6.0"
"Jackie","2016","2017-04-17","6.9"
"Jackie & Ryan","2014","2016-08-24","7.5"
"Jackie Brown","1997","","7.0"
"Jagged Edge","1985","","6.0"
"Jane Eyre","1944","","10.0"
"Jane Eyre","1970","","8.0"
"Jane Got a Gun","2016","2016-10-31","7.0"
"Jaws","1975","","8.0"
"Jaws 2","1978","","5.8"
"Jaws 3-D","1983","","3.7"
"Jaws: The Revenge","1987","","3.0"
"Jayne Mansfield's Car","2012","","7.5"
"Jean de Florette","1986","","8.0"
"Jeff Dunham: Arguing with Myself","2005","","8.0"
"Jeff Dunham: Spark of Insanity","2007","","8.0"
"Jeff, Who Lives at Home","2011","","7.0"
"Jellyfish","2007","","6.0"
"Jeremiah Johnson","1972","","9.0"
"Jersey Boys","2014","","6.0"
"Jesse Stone: Lost in Paradise","2015","2016-02-27","8.5"
"Jesse Stone: No Remorse","2010","","6.0"
"Jimmy's Hall","2014","2016-02-06","7.0"
"Jobs","2013","","8.0"
"Joe","2013","2015-06-02","7.5"
"John Adams","2008","","6.0"
"John Wick","2014","2020-02-26","8.0"
"John Wick: Chapter 4","2023","2023-12-06","9.5"
"John Wick: Chapter 3 - Parabellum","2019","2020-04-12","7.5"
"John Wick: Chapter 2","2017","2017-09-03","8.0"
"Jojo Rabbit","2019","2020-05-31","8.0"
"Joker","2019","2020-04-12","8.5"
"Jolt","2021","2022-06-08","8.0"
"Journey's End","2017","2018-12-22","8.0"
"Joy","2015","2023-10-30","9.0"
"Jubal","1956","","8.0"
"Judy","2019","2020-04-21","7.0"
"Julie & Julia","2009","","10.0"
"Juliet, Naked","2018","2019-10-18","7.5"
"Jumanji","1995","2018-07-04","7.5"
"Jumanji: The Next Level","2019","2020-08-27","7.5"
"Jumanji: Welcome to the Jungle","2017","2018-04-15","8.0"
"Jungle","2017","2019-01-04","7.5"
"Jungle Cruise","2021","","6.6"
"Jungle Run","2021","2022-06-08","2.8"
"Junior Bonner","1972","","8.0"
"Jupiter Ascending","2015","2015-09-23","4.0"
"Jurassic Park","1993","","10.0"
"Jurassic Park III","2001","","8.0"
"Jurassic World Dominion","2022","2022-10-23","7.5"
"Jurassic World: Fallen Kingdom","2018","2019-07-18","6.2"
"Just Mercy","2019","2020-11-17","8.0"
"Justice League","2017","2018-09-01","7.5"
"Justice League Dark: Apokolips War","2020","","7.0"
"K-19: The Widowmaker","2002","","6.0"
"K2: Siren of the Himalayas","2012","2020-10-14","7.5"
"Kahaani","2012","","8.5"
"Kandahar","2001","","7.0"
"Katyn","2007","","6.0"
"Keeping Mum","2005","","7.0"
"Key Largo","1948","","8.0"
"Kidnap","2017","2018-09-01","7.0"
"Kill the Messenger","2014","2015-07-30","8.0"
"King Arthur: Legend of the Sword","2017","2018-03-15","6.8"
"King Kong","2005","2017-04-17","7.0"
"King of Hearts","1966","","8.0"
"King of Thieves","2018","2019-07-26","5.5"
"King Richard","2021","2022-04-07","9.0"
"Kingsman: The Golden Circle","2017","2018-09-05","8.0"
"Kingsman: The Secret Service","2014","2019-12-12","8.0"
"Kiss the Girls","1997","2016-02-26","6.6"
"Knight and Day","2010","","6.0"
"Knights of the South Bronx","2005","","4.0"
"Knives Out","2019","2020-07-31","8.5"
"Knowing","2009","2019-09-15","6.2"
"Knute Rockne All American","1940","","4.0"
"Kon-Tiki","2012","","6.0"
"K-PAX","2001","","8.0"
"Kundun","1997","2020-07-06","7.0"
"L.A. Confidential","1997","2023-04-26","8.5"
"La Cérémonie","1995","","7.5"
"The Collector","1967","2021-12-02","7.5"
"La La Land","2016","2017-04-30","8.5"
"La Vie en Rose","2007","","8.0"
"Labor Day","2013","","8.0"
"Labyrinth of Lies","2014","2016-05-23","7.5"
"Lady Bird","2017","2018-03-21","8.5"
"Lady Godiva of Coventry","1955","","5.7"
"Land","2021","2021-09-08","9.0"
"Land of Mine","2015","2018-10-13","7.5"
"Larry Crowne","2011","","7.0"
"Last Cab to Darwin","2015","2018-09-19","8.0"
"Last Chance Harvey","2008","","6.0"
"Last Flag Flying","2017","2018-06-10","6.9"
"Last Love","2013","","8.0"
"Last Train Home","2009","","7.0"
"Last Vegas","2013","","7.0"
"Laura","1944","2023-05-08","9.5"
"Law Abiding Citizen","2009","2019-10-21","7.5"
"Lawless","2012","","7.0"
"Lawrence of Arabia","1962","","10.0"
"LBJ","2016","2018-09-05","6.4"
"The Red Circle","1970","","8.0"
"The Chef","2012","2015-04-14","7.0"
"Le Mans","1971","2019-06-23","6.8"
"Lean on Pete","2017","2018-12-08","7.0"
"Leap Year","2010","","6.0"
"Leatherheads","2008","","8.0"
"Leave No Trace","2018","2019-03-01","7.0"
"Leaving Las Vegas","1995","","10.0"
"The Chorus","2004","2019-01-23","9.5"
"Les Misérables","2012","","8.0"
"Lethal Weapon 2","1989","","10.0"
"Letters from Iwo Jima","2006","2019-11-16","8.0"
"Letters to Juliet","2010","","7.0"
"Licence to Kill","1989","","8.0"
"Life","2017","2018-02-06","7.5"
"Life is Beautiful","1997","","10.0"
"Life of a King","2013","","8.0"
"The Life of Oharu","1952","","8.1"
"Life of Pi","2012","2019-10-21","9.5"
"Life with Father","1947","","7.2"
"Life with Father","1947","","7.2"
"Life's a Breeze","2013","2015-07-05","7.0"
"Light of My Life","2019","2020-07-06","8.5"
"Lightyear","2022","2023-09-17","7.5"
"Like Sunday, Like Rain","2014","2019-12-31","9.0"
"Lilies of the Field","1963","2022-02-03","7.5"
"Limbo","1999","","7.0"
"Limitless","2011","2023-10-31","8.5"
"Lincoln","2012","","9.0"
"Linda Ronstadt: The Sound of My Voice","2019","2020-11-23","8.0"
"Lion","2016","2017-04-30","8.5"
"Lions for Lambs","2007","","6.0"
"Little Big Man","1970","","6.0"
"Little Boy","2015","2017-02-11","7.5"
"Little Miss Sunshine","2006","","10.0"
"Little Women","2019","2020-04-12","8.0"
"Live by Night","2016","2017-05-07","6.4"
"Live Free or Die Hard","2007","","8.0"
"Logan","2017","2017-08-07","8.0"
"Logan Lucky","2017","2018-08-23","8.0"
"Lolita","1962","","8.0"
"Lone Star","1996","2016-08-29","8.0"
"Lone Survivor","2013","","9.0"
"Lonely Are the Brave","1962","","6.0"
"Lonesome Dove","1989","","9.0"
"Long Shot","2019","2020-02-18","6.9"
"Looper","2012","","8.0"
"Lost","2004","2021-04-02","9.0"
"Lost in Translation","2003","2021-11-01","8.5"
"Lourdes","2009","","6.0"
"Love & Mercy","2014","2015-11-29","7.5"
"Love and Honor","2013","","6.5"
"Love Comes Lately","2007","","4.0"
"Love Happens","2009","","8.0"
"Love, Rosie","2014","2015-08-24","7.5"
"Love, Simon","2018","2019-01-21","6.0"
"Luce","2019","2020-11-23","8.5"
"Lucky","2017","2018-08-09","7.5"
"Lucky Number Slevin","2006","","7.0"
"Lucy","2014","2015-06-02","8.0"
"Lying and Stealing","2019","2020-07-06","6.5"
"M","1931","",""
"Mackenna's Gold","1969","","9.0"
"Mad Max","1979","","8.0"
"Mad Max Beyond Thunderdome","1985","","7.0"
"Mad Max: Fury Road","2015","2020-11-16","8.1"
"Made in Dagenham","2010","","8.0"
"Magic Beyond Words: The J.K. Rowling Story","2011","2020-01-26","6.7"
"Magic in the Moonlight","2014","2015-05-13","6.0"
"Magnolia","1999","2020-10-17","8.0"
"Maiden","2018","2020-06-08","6.0"
"Make Way for Tomorrow","1937","","8.2"
"Maleficent","2014","","8.0"
"Mamma Mia!","2008","","8.0"
"Mamma Mia! Here We Go Again","2018","2019-08-30","6.7"
"Man Down","2015","2017-12-17","7.5"
"Man from Reno","2014","2020-05-09","8.5"
"Man of La Mancha","1972","","6.0"
"Man of Steel","2013","","8.0"
"Man on a Ledge","2012","","8.0"
"Man on Fire","2004","","8.0"
"Man on Wire","2008","","6.0"
"Manchester by the Sea","2016","2019-03-22","10.0"
"Mandela: Long Walk to Freedom","2013","","7.0"
"Manhattan Night","2016","2017-03-19","8.5"
"Manhunter","1986","","7.0"
"Mao's Last Dancer","2009","","8.0"
"Marathon Man","1976","","7.5"
"March of the Penguins","2005","","10.0"
"Mare of Easttown","2021","2022-06-08","8.5"
"Margin Call","2011","","8.0"
"Marie Antoinette","2006","","6.0"
"Mark Felt: The Man Who Brought Down the White House","2017","2018-11-08","8.0"
"Marley","2012","","7.0"
"Marnie","1964","","8.0"
"Marriage Story","2019","2020-08-20","8.0"
"Marshall","2017","2018-05-25","7.0"
"Martian Child","2007","","8.0"
"Mary Magdalene","2018","2020-06-08","5.8"
"Mary Poppins","1964","","7.8"
"Mary Poppins Returns","2018","2019-05-13","8.0"
"Mary Queen of Scots","2018","2019-04-17","6.3"
"Master and Commander: The Far Side of the World","2003","","8.0"
"Masterminds","2016","2017-06-20","6.5"
"Matchstick Men","2003","","10.0"
"Matewan","1987","","8.0"
"Maudie","2016","2018-11-08","8.5"
"Max","2015","2016-05-23","9.0"
"Maze Runner: The Scorch Trials","2015","2016-07-15","6.4"
"Maze Runner: The Death Cure","2018","2018-07-18","6.3"
"McFarland, USA","2015","","8.0"
"Me and Earl and the Dying Girl","2015","2015-11-20","8.0"
"Me and Orson Welles","2008","","6.0"
"Me Before You","2016","2017-01-31","7.5"
"Measure of a Man","2018","2019-10-28","6.3"
"Mechanic: Resurrection","2016","2017-03-19","5.6"
"Meet Joe Black","1998","2021-01-05","9.0"
"Megan Leavey","2017","2018-01-17","8.0"
"Melancholia","2011","","7.0"
"Memento","2000","","8.0"
"Men in Black 3","2012","","7.0"
"Men in Black: International","2019","2020-04-12","5.6"
"Mercury Rising","1998","2020-01-26","6.1"
"Meru","2015","2016-02-04","8.5"
"Metropolis","1927","","8.3"
"MI-5","2015","2016-04-11","7.5"
"Michael","1996","2020-01-20","7.0"
"Michael Collins","1996","","6.0"
"Mid-August Lunch","2008","","6.0"
"Midnight Cowboy","1969","","10.0"
"Midnight Express","1978","","8.0"
"Midnight in Paris","2011","","9.0"
"Midnight Run","1988","","10.0"
"Midnight Special","2016","2016-12-03","7.5"
"Midnight Sun","2018","2018-12-17","8.0"
"Midway","2019","2020-10-12","6.7"
"Mile 22","2018","2019-03-22","6.1"
"Milk","2008","","8.0"
"Miller's Crossing","1990","","8.0"
"Million Dollar Arm","2014","","6.0"
"Million Dollar Baby","2004","","9.0"
"Minari","2020","2021-08-13","8.0"
"Mine","2016","2018-02-19","7.0"
"Minimalism: A Documentary About the Important Things","2015","2017-06-20","6.7"
"Minions: The Rise of Gru","2022","","6.6"
"Minority Report","2002","2019-07-24","8.5"
"Miracle","2004","","8.0"
"Miracle on 34th Street","1947","2021-12-26","7.9"
"Miracles from Heaven","2016","2016-12-19","6.9"
"Mirage","1965","2016-02-25","7.5"
"Misery","1990","2022-01-10","9.0"
"Miss Congeniality","2000","","9.0"
"Miss Congeniality 2: Armed & Fabulous","2005","","5.1"
"Miss Peregrine's Home for Peculiar Children","2016","2017-04-16","6.8"
"Miss Pettigrew Lives for a Day","2008","","8.0"
"Miss Potter","2006","","8.0"
"Miss Sloane","2016","2017-05-07","7.5"
"Miss Stevens","2016","2018-11-03","7.0"
"Mission: Impossible","1996","2021-03-11","10.0"
"Mission: Impossible - Dead Reckoning Part One","2023","","7.7"
"Mission: Impossible - Fallout","2018","2021-03-11","8.5"
"Mission: Impossible - Ghost Protocol","2011","2021-03-11","10.0"
"Mission: Impossible - Rogue Nation","2015","2021-03-11","9.0"
"Mission: Impossible II","2000","2021-03-11","10.0"
"Mission: Impossible III","2006","2021-03-11","10.0"
"Mister Magoo's Christmas Carol","1962","","7.7"
"Moana","2016","2017-09-03","8.0"
"Modern Times","1936","","8.5"
"Molly's Game","2017","2018-05-06","8.0"
"Money Monster","2016","2016-11-16","7.0"
"Moneyball","2011","","9.0"
"Mongol: The Rise of Genghis Khan","2007","","6.0"
"Monsieur Hire","1989","","7.6"
"Monsieur Lazhar","2011","","9.0"
"Monsoon Wedding","2001","2019-02-18","7.5"
"Monster","2003","","8.0"
"Monty Python and the Holy Grail","1975","","10.0"
"Moon","2009","","8.0"
"Moonfall","2022","2022-09-18","5.1"
"Moonlight","2016","2017-03-03","8.0"
"Moonrise Kingdom","2012","","8.0"
"Moonstruck","1987","","10.0"
"More Than a Game","2008","","2.0"
"Morgan","2016","2017-06-08","7.5"
"Mostly Martha","2002","","8.0"
"Mother Teresa","2003","","8.0"
"Motherless Brooklyn","2019","2020-09-28","8.0"
"Moulin Rouge!","2001","","9.0"
"Mountain Men","2014","2016-09-10","7.0"
"Mozart and the Whale","2005","2017-03-13","6.9"
"Mozart's Sister","2010","","6.0"
"Mr. Brooks","2007","","6.0"
"Mr. Church","2016","2017-06-30","8.0"
"Mr. Holmes","2015","2016-03-03","7.0"
"Mr. Jones","2019","2020-11-23","7.0"
"Mrs Dalloway","1997","","8.0"
"Mud","2012","","7.5"
"Mulan","2020","2021-02-16","8.0"
"Mulholland Drive","2001","","8.0"
"Munich","2005","2020-11-28","7.5"
"Murder on the Home Front","2013","2015-05-06","7.0"
"Murder on the Orient Express","2017","2018-03-24","7.5"
"Muscle Shoals","2013","2022-04-07","10.0"
"Music Within","2007","","6.0"
"My Afternoons with Margueritte","2010","","7.0"
"My All American","2015","2016-06-12","8.5"
"My Cousin Vinny","1992","","10.0"
"My Favorite Wife","1940","","7.5"
"My Life in Ruins","2009","","8.0"
"My One and Only","2009","","6.0"
"My Sister's Keeper","2009","","8.0"
"My Week with Marilyn","2011","","8.0"
"Mystery Road","2013","2015-04-29","8.5"
"Mystery Train","1989","","7.6"
"Mystic River","2003","","8.0"
"Nana","2005","","8.0"
"Nanook of the North","1922","","10.0"
"Beyond the Movie: The Lord of the Rings","2001","","7.0"
"National Lampoon's Christmas Vacation","1989","2021-12-26","7.6"
"National Lampoon's Vacation: Special Edition / National Lampoon's European Vacation (Double Feature)","1985","","7.0"
"Nebraska","2013","","8.0"
"Nerve","2016","2017-06-20","8.5"
"Nevada Smith","1966","","6.0"
"Never Let Me Go","2010","","6.0"
"Neverwas","2005","","7.0"
"News of the World","2020","2021-05-30","9.5"
"Night at the Museum: Secret of the Tomb","2014","2015-09-20","6.3"
"Night Train to Lisbon","2013","","9.0"
"Nightcrawler","2014","2015-03-27","8.0"
"Nightmare Alley","2021","2022-10-23","7.0"
"Nine","2009","","8.0"
"1917","2019","2024-01-08","8.5"
"Nitram","2021","2023-01-03","6.0"
"No Country for Old Men","2007","2018-07-13","10.0"
"No Direction Home: Bob Dylan","2005","","9.0"
"No Escape","2015","2016-04-29","8.5"
"No Man's Land","2001","","8.0"
"No Man's Land","2020","2021-08-24","8.0"
"No Time to Die","2021","2022-02-18","8.0"
"Noah","2014","","8.0"
"Noah","2014","2014-11-08","6.0"
"Nobody","2021","2021-09-20","9.0"
"Nocturnal Animals","2016","2017-05-16","7.5"
"Noel","2004","","7.5"
"Nomad: In the Footsteps of Bruce Chatwin","2019","2021-02-19","7.0"
"Nomadland","2020","2021-04-14","9.0"
"Non-Stop","2014","","8.0"
"Norman","2016","2017-08-05","8.0"
"North by Northwest","1959","","10.0"
"North Face","2008","2018-10-11","9.5"
"Notorious","1946","","10.0"
"November Criminals","2017","2018-07-18","7.0"
"Now Is Good","2012","","8.0"
"Now You See Me","2013","","7.3"
"Now You See Me 2","2016","2016-12-17","6.5"
"Now, Voyager","1942","","9.0"
"O Brother, Where Art Thou?","2000","","8.0"
"O'Horten","2007","","8.0"
"Oblivion","2013","2019-08-01","8.0"
"Ocean's Eight","2018","2018-10-23","8.0"
"Ocean's Thirteen","2007","2018-08-23","6.9"
"October Sky","1999","","10.0"
"Off the Grid","2006","","7.0"
"Office Space","1999","","8.0"
"Official Secrets","2019","2020-06-08","8.0"
"Old Henry","2021","2022-11-07","7.5"
"Oldboy","2013","2015-05-15","5.7"
"Olive Kitteridge","2014","2021-08-22","8.0"
"On a Clear Day","2005","2016-09-24","7.0"
"On the Basis of Sex","2018","2020-01-30","8.0"
"On the Ice","2011","","6.0"
"On the Rocks","2020","2022-07-18","7.0"
"On the Waterfront","1954","2020-08-01","9.5"
"Once","2006","","8.0"
"Once Upon a Time in Hollywood","2019","2020-08-23","7.0"
"Once Upon a Time in the West","1968","","10.0"
"Ondine","2009","","7.0"
"One Day You'll Understand","2008","","6.0"
"One Flew Over the Cuckoo's Nest","1975","","8.0"
"One for the Money","2012","","6.0"
"One from the Heart","1981","2021-02-16","6.5"
"One Hundred and One Dalmatians","1961","","7.3"
"One-Eyed Jacks","1961","2015-05-13","10.0"
"127 Hours","2010","2020-10-12","8.0"
"1,000 Times Good Night","2013","2015-07-05","8.5"
"Only the Brave","2017","2022-06-08","8.0"
"Open Your Eyes","1997","","9.0"
"Operation Crossbow","1965","2016-11-26","8.0"
"Operation Finale","2018","2019-03-03","6.5"
"OSS 117: Lost in Rio","2009","","4.0"
"Our Brand Is Crisis","2015","2016-05-21","8.5"
"Our Friend","2019","2021-04-24","8.5"
"Our Kind of Traitor","2016","2017-02-27","6.2"
"Out of Africa","1985","","7.0"
"Out of the Furnace","2013","","7.0"
"Out of the Past","1947","","6.0"
"Outlander","2014","2022-06-08","9.5"
"Over the Top","1987","","7.0"
"Overboard","1987","2018-11-21","6.8"
"Overboard","2018","2019-02-18","6.0"
"Pale Flower","1964","","7.7"
"Pale Rider","1985","","7.0"
"Palm Springs","2020","2023-06-14","7.5"
"Pan's Labyrinth","2006","","6.0"
"Paper Towns","2015","2020-01-20","9.0"
"Parallel","2018","2021-06-15","7.5"
"Paranoia","2013","2015-02-07","8.0"
"Parasite","2019","2020-05-31","9.0"
"Faubourg 36","2008","","8.0"
"Paris Can Wait","2016","2018-10-01","7.0"
"Parker","2013","","7.0"
"Parkland","2013","","7.0"
"Passengers","2016","2023-11-14","8.0"
"Paterson","2016","2017-04-23","7.5"
"Patriot Games","1992","","8.0"
"Patriots Day","2016","2020-05-06","8.5"
"Patton","1970","","7.0"
"Pawn","2013","","6.0"
"Pawn Sacrifice","2014","2020-05-03","9.0"
"Pay It Forward","2000","2019-10-01","10.0"
"Payback: Straight Up","2006","","8.0"
"Peaceful Warrior","2006","","9.0"
"People Like Us","2012","","7.0"
"People Places Things","2015","2015-11-11","8.0"
"Peppermint","2018","2019-03-03","6.5"
"Perry Mason (2020) Season 1 Disc 1 (ep 01-04)","2020","2020-12-31","8.0"
"Peter Pan","1953","","7.3"
"Pete's Dragon","2016","2017-09-16","6.7"
"Petite Maman","2021","","7.4"
"Phantom","2013","","6.0"
"Phantom Thread","2017","2018-06-26","8.5"
"Phenomenon","1996","2018-06-10","6.4"
"Philadelphia","1993","2020-10-11","10.0"
"Philomena","2013","","8.0"
"Pi","1998","","4.0"
"Pickup on South Street","1953","2016-04-18","8.5"
"Pig","2021","2022-06-08","7.0"
"Pinocchio","1940","","7.5"
"Pinocchio","2019","2021-12-23","7.5"
"The Boat that Rocked","2009","","9.0"
"Pirates of the Caribbean: Dead Man's Chest","2006","","6.0"
"Pixar Short Films Collection 2","2012","","6.0"
"Platoon","1986","","9.0"
"Play the Game","2009","","7.0"
"Please Stand By","2017","2019-01-04","7.5"
"Point Blank","2010","","8.0"
"Point Break","2015","2020-02-18","9.0"
"Point of No Return","1993","","6.1"
"Ponyo","2008","","8.0"
"Portrait of a Lady on Fire","2019","2020-08-12","8.0"
"Possessor","2020","","6.5"
"Practical Magic","1998","","6.3"
"Predator","1987","2021-12-23","8.0"
"Predestination","2014","2019-12-27","9.0"
"Premium Rush","2012","","8.0"
"Premonition","2007","","6.0"
"Prey","2022","2021-03-04","8.0"
"Pride","2007","","5.0"
"Pride","2014","2015-08-02","7.0"
"Pride & Prejudice","2005","","8.0"
"Primal Fear","1996","","8.0"
"Primer","2004","2023-12-06","8.5"
"Prisoners","2013","","7.0"
"Professor Marston and the Wonder Women","2017","2018-10-24","7.0"
"Project Almanac","2014","2015-11-16","7.0"
"Prometheus","2012","","6.0"
"Promised Land","2012","","7.0"
"Promising Young Woman","2020","2021-09-08","7.5"
"Proof","2005","","8.0"
"P.S. I Love You","2007","","6.0"
"Psycho","1960","","10.0"
"Pulp Fiction","1994","",""
"Push","2009","2019-08-30","8.0"
"Puzzle","2018","2019-04-17","7.5"
"Quantum of Solace","2008","","8.0"
"Quartet","2012","","8.0"
"Queen & Slim","2019","2020-04-12","8.0"
"Queen of Katwe","2016","2017-07-04","7.5"
"Queen of the Desert","2015","2019-01-21","8.0"
"Rabbit Hole","2010","","7.0"
"Rabbit-Proof Fence","2002","","10.0"
"Race","2016","2016-09-26","8.0"
"Raging Bull","1980","2021-11-03","8.0"
"Rain Man","1988","2019-10-08","10.0"
"Raising Arizona","1987","","8.0"
"Rambo: First Blood Part II","1985","2020-11-02","6.5"
"Random Harvest","1942","","7.0"
"Rare Exports","2010","2020-01-20","6.5"
"Rat Race","2001","","8.0"
"Ratatouille","2007","","8.1"
"Ray","2004","2020-05-12","10.0"
"Reacher","2022","2022-06-08","8.1"
"Ready Player One","2018","2018-11-12","8.0"
"Rear Window","1954","","10.0"
"Rebecca","1940","2020-11-09","10.0"
"Rebel in the Rye","2017","2018-06-26","7.5"
"Red Beard","1965","","8.4"
"Red Eye","2005","","6.0"
"Red Joan","2018","2020-05-24","6.3"
"Red Rock West","1993","2018-09-16","8.0"
"Red Sparrow","2018","2023-11-14","7.5"
"Red Tails","2012","","7.0"
"RED 2","2013","","6.0"
"Redbelt","2008","","7.0"
"Redemption","2013","2015-02-16","8.0"
"Regarding Henry","1991","","7.0"
"Reign Over Me","2007","","8.0"
"Remember","2015","2016-09-26","8.0"
"Rendition","2007","2017-08-04","6.8"
"Requiem for the American Dream","2015","2017-03-25","8.0"
"Rescue Dawn","2006","","6.0"
"Resistance","2020","2021-02-16","7.5"
"Respect","2021","2021-12-02","6.5"
"Revanche","2008","","8.0"
"Revolutionary Road","2008","","8.0"
"Richard Jewell","2019","2020-07-31","8.0"
"Ricki and the Flash","2015","2016-01-09","8.0"
"Rio Bravo","1959","","8.0"
"Rio Lobo","1970","","8.0"
"Ripley's Game","2002","2019-12-08","9.0"
"Rise of the Planet of the Apes","2011","","7.0"
"River","2015","2017-01-22","7.0"
"Robin Hood","2010","","1.0"
"Robin Hood","2018","2019-08-30","6.0"
"Robin Hood: Prince Of Thieves","1991","","4.0"
"Robin Williams Live on Broadway","2002","","9.0"
"Robot & Frank","2012","","7.0"
"Rocketman","2019","2019-10-18","8.5"
"Rocky","1976","","7.0"
"Rogue One: A Star Wars Story","2016","2017-05-07","8.0"
"Roma","2018","2020-02-18","9.0"
"Roman Holiday","1953","","7.0"
"Roman J. Israel, Esq","2017","2018-03-31","6.4"
"Ronin","1998","","8.0"
"Room","2015","2016-04-01","8.0"
"Rope","1948","","8.0"
"Rope of Sand","1949","2017-08-28","7.0"
"Rory O'Shea Was Here","2004","","7.0"
"Rounders","1998","","8.0"
"Ruby Sparks","2012","","8.0"
"Rudderless","2014","2015-06-09","9.0"
"Rules Don't Apply","2016","2017-10-29","8.0"
"Run All Night","2015","2015-09-25","8.5"
"Run Lola Run","1998","","8.0"
"Run Silent Run Deep","1958","","7.3"
"Run the Race","2018","2020-02-18","5.9"
"Runner Runner","2013","","8.0"
"Running Brave","1983","2018-10-06","7.0"
"Running on the Sun: The Badwater 135","2000","","7.3"
"Rush","2013","","9.0"
"Sabah","2005","","8.0"
"Safe Haven","2013","","7.0"
"Safe House","2012","","8.0"
"Safety Last!","1923","","8.1"
"Safety Not Guaranteed","2012","","7.0"
"Sahara","1943","","7.0"
"Saints and Soldiers","2003","","8.0"
"Salmon Fishing in the Yemen","2011","","7.0"
"Salt","2010","2019-12-27","9.0"
"Same Kind of Different as Me","2017","2018-08-30","5.4"
"Sanctum","2011","","8.0"
"Sands of Iwo Jima","1949","2022-02-03","7.1"
"Sarah's Key","2010","","8.0"
"Savage Grace","2007","","2.0"
"Saving Private Ryan","1998","2019-06-08","10.0"
"Scent of a Woman","1992","","8.0"
"Schindler's List","1993","2016-01-20","9.5"
"Scott Pilgrim vs. the World","2010","2021-01-20","7.5"
"Scrooge","1970","","7.5"
"Se7en","1995","2021-11-17","9.5"
"Sea of Love","1989","","6.0"
"Secondhand Lions","2003","2020-05-01","9.5"
"Secret in Their Eyes","2015","2016-06-16","7.0"
"Secret Window","2004","2020-08-21","7.5"
"Secretariat","2010","2023-09-17","8.0"
"Seducing Doctor Lewis","2003","","7.0"
"Seeking a Friend for the End of the World","2012","","8.0"
"Seeking Justice","2011","","6.0"
"Self/less","2015","2016-04-14","8.0"
"Sense and Sensibility","1995","","7.0"
"Senso","1954","","7.5"
"Seraphine","2008","","8.0"
"Serena","2014","2015-09-11","6.0"
"Serenity","2019","2020-03-19","6.0"
"7 Days in Entebbe","2018","2018-11-03","7.0"
"Seven Psychopaths","2012","","7.0"
"Seven Samurai","1954","","10.0"
"'71","2014","2015-09-27","8.5"
"Severance","2022","2022-05-24","9.0"
"Shackleton","2002","","7.6"
"Shackleton's Antarctic Adventure","2001","","10.0"
"Shadow in the Cloud","2020","2021-06-05","6.0"
"Shadow of a Doubt","1943","","8.0"
"Shakespeare in Love","1998","","9.0"
"Shall We Kiss?","2007","","7.0"
"Shang-Chi and the Legend of the Ten Rings","2021","2022-10-31","7.5"
"Shattered City: The Halifax Explosion","2003","","6.0"
"Shaun of the Dead","2004","","7.0"
"Shazam!","2019","2020-04-19","7.0"
"Sherlock Holmes","2009","","8.0"
"Sherlock Holmes: A Game of Shadows","2011","","9.0"
"Sherpa","2015","","7.7"
"Shine","1996","","8.0"
"Shiva Baby","2020","2024-01-08",""
"Shoah","1985","","8.7"
"Shoot to Kill","1988","2022-01-09","7.5"
"Shooter","2007","2020-06-21","8.0"
"Shoplifters","2018","2020-11-30","8.5"
"Short Term 12","2013","","7.0"
"Shot Caller","2017","2019-02-18","8.0"
"Shutter Island","2010","","9.0"
"Sicario","2015","2016-04-10","8.0"
"Siddhartha","1972","","7.0"
"Side Effects","2013","","7.0"
"Sideways","2004","","8.0"
"Silence","2016","2017-10-29","7.5"
"Silent Light","2007","","8.0"
"Silver Linings Playbook","2012","2023-10-30","9.0"
"Sin nombre","2009","","6.0"
"Sing","2016","2017-09-16","7.0"
"Sing Street","2016","2016-10-09","8.5"
"6 Below: Miracle on the Mountain","2017","2018-08-17","7.0"
"Skyfall","2012","","9.0"
"Skyscraper","2018","2019-03-29","8.0"
"Slalom","2020","2021-12-03","7.0"
"Sleepless","2017","2017-06-08","6.0"
"Slow West","2015","2015-08-10","7.0"
"Slumdog Millionaire","2008","","8.0"
"Small Town Crime","2017","2018-11-03","6.6"
"Smiles of a Summer Night","1955","2021-11-03","8.5"
"Snatch","2000","","10.0"
"Snitch","2013","2017-06-26","7.0"
"Snow Falling on Cedars","1999","","8.0"
"Snow White and the Huntsman","2012","","6.0"
"Snow White and the Seven Dwarfs","1937","","7.6"
"Snowden","2016","2017-02-12","7.5"
"Snowpiercer","2013","2016-05-30","6.0"
"Solace","2015","2017-08-20","7.5"
"Solo: A Star Wars Story","2018","2018-10-31","7.0"
"Some Like It Hot","1959","",""
"Something the Lord Made","2004","2022-06-08","9.0"
"Something's Gotta Give","2003","2020-04-22","7.5"
"Son of a Gun","2014","2016-11-11","6.0"
"Son of Rambow","2007","","7.0"
"Song of Lahore","2015","2017-01-01","7.5"
"Songcatcher","2000","","9.0"
"Sorcerer","1977","2020-12-30","8.0"
"Soul Kitchen","2009","","6.0"
"Soul Surfer","2011","","7.0"
"Sound of Metal","2019","2022-06-08","8.0"
"Source Code","2011","","9.0"
"Southpaw","2015","2016-01-03","7.5"
"Spare Parts","2015","2015-06-09","8.0"
"Spartan","2004","2016-04-24","7.0"
"Spectre","2015","2020-02-17","8.0"
"Spellbound","1945","","8.0"
"Spencer","2021","2022-05-19","6.0"
"Spider-Man","2002","","9.0"
"Spider-Man 3","2007","","6.0"
"Spider-Man 2","2004","","8.5"
"The Amazing Spider-Man 2","2014","2020-08-06","7.5"
"The Amazing Spider-Man","2012","2020-08-05","7.5"
"Spider-Man: Far from Home","2019","2019-12-28","8.5"
"Spider-Man: Homecoming","2017","2022-02-06","7.5"
"Spider-Man: Into the Spider-Verse","2018","2020-08-20","8.5"
"Spider-Man: No Way Home","2021","2022-05-19","9.0"
"Spinning Man","2018","2019-09-15","7.0"
"Spirited Away","2001","","10.0"
"Split","2016","2017-08-28","6.0"
"Spotlight","2015","2019-10-12","10.0"
"Spy","2015","2015-12-04","8.0"
"Spy Game","2001","2020-10-11","9.0"
"St. Vincent","2014","2015-03-03","9.0"
"Stagecoach","1939","","9.0"
"Stalag 17","1953","","10.0"
"Stalingrad","2003","2020-04-12","8.0"
"Star Trek","2009","","10.0"
"Star Trek Beyond","2016","2016-12-11","7.5"
"Star Trek Into Darkness","2013","","9.0"
"Star Wars: Episode I - The Phantom Menace","1999","","10.0"
"Star Wars: Episode II - Attack of the Clones","2002","","10.0"
"Star Wars: Episode III - Revenge of the Sith","2005","","10.0"
"Star Wars: Episode IV - A New Hope","1977","","10.0"
"Star Wars: Episode IX - The Rise of Skywalker","2019","2020-07-06","9.0"
"Star Wars: Episode V - The Empire Strikes Back","1980","","10.0"
"Star Wars: Episode VI - Return of the Jedi","1983","","10.0"
"Star Wars: Episode VII - The Force Awakens","2015","2016-05-21","10.0"
"Star Wars: Episode VIII - The Last Jedi","2017","2018-04-27","9.5"
"Stardust","2007","","6.0"
"State of Play","2009","","8.0"
"Steve Jobs","2015","2016-04-17","7.5"
"Still: A Michael J. Fox Movie","2023","","8.2"
"Still Alice","2014","2015-06-02","9.0"
"Still Mine","2012","","8.0"
"Stonehearst Asylum","2014","2015-04-27","6.8"
"Strange Weather","2016","2019-09-27","5.9"
"Stranger Than Fiction","2006","","9.0"
"Strangers on a Train","1951","","8.0"
"Stronger","2017","2018-06-27","7.5"
"Stuck in Love.","2012","","8.0"
"Styx","2018","2020-12-16","8.0"
"Submergence","2017","2018-11-12","6.5"
"Suffragette","2015","2016-06-16","8.0"
"Sugar","2008","","8.0"
"Sully","2016","2019-09-23","8.0"
"Summer Hours","2008","","7.0"
"Summer of Soul (...Or, When the Revolution Could Not Be Televised)","2021","2022-05-19","9.5"
"Summerland","2020","2021-06-17","9.0"
"Sunshine","1999","2021-01-20","7.0"
"Sunshine","2007","2023-12-06","7.5"
"Sunshine Cleaning","2008","","8.0"
"Sunshine Superman","2014","2016-06-16","8.5"
"Superman","1978","2021-10-20","8.0"
"Superman Returns","2006","","7.0"
"Survivor","2015","2015-12-22","8.5"
"Suspicion","1941","","8.0"
"Sweet Bean","2015","2016-10-30","8.0"
"Sweet Land","2005","","10.0"
"Synecdoche, New York","2008","","6.0"
"Syriana","2005","","8.0"
"Tag","2018","2019-02-18","7.5"
"Take Me Home","2011","2020-01-20","7.5"
"Take Shelter","2011","","6.0"
"Taken","2008","","8.0"
"Taken 3","2014","2015-08-13","7.0"
"Taken 2","2012","","7.0"
"Taking Chance","2009","","8.0"
"Talk to Her","2002","","4.0"
"Tangerines","2013","2015-10-27","8.5"
"Tár","2022","2023-01-03","8.0"
"Taxi Driver","1976","","10.0"
"Ted Lasso","2020","2022-06-08","9.5"
"Teen Spirit","2018","2020-03-19","6.1"
"Temple Grandin","2010","","7.0"
"10 Cloverfield Lane","2016","2016-07-31","8.0"
"10 Items or Less","2006","","7.0"
"Tender Mercies","1983","2018-10-01","7.5"
"Tenet","2020","","7.5"
"Terminator Genisys","2015","2016-02-01","8.0"
"Terminator 3: Rise of the Machines","2003","2021-12-23","8.0"
"Terminator 2: Judgment Day","1991","2021-12-23","10.0"
"Terminator: Dark Fate","2019","2020-07-31","7.0"
"Testament of Youth","2014","2015-12-10","9.0"
"Tetris","2023","2023-06-06","8.0"
"Thank You for Your Service","2017","2018-09-05","7.0"
"The Abyss","1989","2014-05-21","6.0"
"The Accountant","2016","2022-06-14","8.0"
"The Adjustment Bureau","2011","2020-04-15","8.0"
"The Adventures of Rocky & Bullwinkle","2000","","4.2"
"The Adventures of Tintin","2011","","5.0"
"The Aeronauts","2019","2022-06-08","8.0"
"The African Queen","1951","2020-05-21","10.0"
"The Age of Adaline","2015","2019-12-13","8.5"
"The Alpinist","2021","2022-06-08","8.0"
"The American","2010","2024-01-08","8.0"
"The Americanization of Emily","1964","","8.0"
"The Answer Man","2009","","8.0"
"The Apartment","1960","","10.0"
"The Art of Getting By","2011","2014-05-14","6.6"
"The Art of Racing in the Rain","2019","2020-03-19","7.5"
"The Art of the Steal","2009","","4.0"
"The Artist","2011","2020-08-27","7.0"
"The Assassination of Jesse James by the Coward Robert Ford","2007","2015-06-17","8.0"
"The Avengers","2012","","9.0"
"The Aviator","2004","2005-11-14","8.0"
"The Ballad of Cable Hogue","1970","","7.0"
"The Ballad of Lefty Brown","2017","2018-07-18","5.0"
"The Ballad of Narayama","1983","","7.9"
"The Bank Job","2008","","8.0"
"The Banshees of Inisherin","2022","2023-05-24","7.7"
"The Barber","2014","2015-12-30","7.5"
"The Batman","2022","","8.0"
"The Batman","2022","","7.8"
"The Bear","1988","2017-09-22","8.0"
"The Beatles: Eight Days a Week - The Touring Years","2016","2020-11-27","9.0"
"The Beatles: Get Back - The Rooftop Concert","2022","2023-02-13","10.0"
"The Beautiful Country","2004","2018-11-12","7.5"
"The Bells of St. Mary's","1945","","8.0"
"The Best of Enemies","2019","2020-01-20","7.0"
"The Best of Me","2014","2015-08-12","7.5"
"The BFG","2016","2020-10-21","8.0"
"The Big Country","1958","2021-09-01","8.0"
"The Big Lebowski","1998","2021-11-01","9.0"
"The Big Short","2015","2016-04-03","8.0"
"The Big Sick","2017","2018-01-17","8.0"
"The Big Year","2011","2019-09-12","9.0"
"The Biggest Little Farm","2018","2022-06-08","9.0"
"The Birdcage","1996","","8.0"
"The Birds","1963","2020-10-12","9.0"
"The Birth of a Nation","2016","2017-09-16","6.3"
"The Blind Side","2009","","8.0"
"The Blues Brothers","1980","","8.0"
"The Bone Collector","1999","","8.0"
"The Book of Eli","2010","2024-01-08","8.0"
"The Book of Henry","2017","2018-05-12","7.5"
"The Book Thief","2013","","9.0"
"The Bookshop","2017","2019-03-09","9.5"
"The Boss","2016","","5.4"
"The Bourne Identity","2002","2024-01-08","8.0"
"The Bourne Legacy","2012","2024-01-08","10.0"
"The Bourne Supremacy","2004","2024-01-08","10.0"
"The Bourne Ultimatum","2007","2024-01-08","10.0"
"The Boy in the Striped Pajamas","2008","","8.0"
"The Brave One","2007","2018-09-26","8.0"
"The Breakfast Club","1985","2020-10-19","8.5"
"The Bridge on the River Kwai","1957","2022-02-03","8.1"
"The Bridges of Madison County","1995","2017-02-19","7.5"
"The Brothers Bloom","2008","","7.0"
"The Bucket List","2007","2020-04-22","8.0"
"The Burial","2023","2023-12-06","7.0"
"The Butler","2013","","7.0"
"The Butterfly Effect","2004","2017-02-19","8.0"
"The Cabinet of Dr. Caligari","1920","2021-10-27","7.5"
"The Call","2013","","8.0"
"The Call of the Wild","2020","2020-08-31","7.0"
"The Captain","2017","2019-02-24","7.5"
"The Catcher Was a Spy","2018","2019-06-05","7.5"
"The Child","2005","2020-12-21","7.5"
"The Children Act","2017","2019-05-27","6.7"
"The Children of Huang Shi","2008","","8.0"
"The Chronicles of Narnia: Prince Caspian","2008","","5.0"
"The Chronicles of Narnia: The Lion, the Witch and the Wardrobe","2005","","9.0"
"The Chronicles of Narnia: The Voyage of the Dawn Treader","2010","","2.0"
"The Cider House Rules","1999","","8.0"
"The Cincinnati Kid","1965","","7.0"
"The Circle","2017","2017-11-25","6.5"
"The Circus","1928","","8.1"
"The City of Your Final Destination","2009","2019-02-08","6.4"
"The Class","2008","2019-02-08","7.5"
"The Cobbler","2014","2015-12-10","7.5"
"The Color Purple","1985","","6.0"
"The Commuter","2018","2018-09-05","8.0"
"The Company Men","2010","","6.0"
"The Company You Keep","2012","2021-02-05","8.0"
"The Concert","2009","","6.0"
"The Confirmation","2016","2016-11-14","8.0"
"The Conquest of Everest","1953","","7.0"
"The Conspirator","2010","2015-06-09","7.0"
"The Contractor","2007","","8.0"
"The Contractor","2022","2023-02-13","7.0"
"The Counselor","2013","2015-06-02","7.5"
"The Count of Monte Cristo","2002","2014-08-24","10.0"
"The Counterfeit Traitor","1962","2018-08-09","8.0"
"The Counterfeiters","2007","2014-08-24","8.0"
"The Courier","2020","2022-06-08","8.5"
"The Courier","2020","2021-09-20","8.0"
"The Cowboys","1972","","6.0"
"The Curious Case of Benjamin Button","2008","","10.0"
"The Current War","2017","2020-08-22","6.5"
"The Da Vinci Code","2006","","7.0"
"The Damned United","2008","","6.0"
"The Danish Girl","2015","2016-06-16","7.0"
"The Dark Horse","2014","2016-12-23","8.0"
"The Dark Knight","2008","","10.0"
"The Dark Knight Rises","2012","","9.0"
"The Dark Tower","2017","2018-11-08","8.0"
"The Death of Mr. Lazarescu","2005","2020-12-23","7.5"
"The Debt","2010","","9.0"
"The Deer Hunter","1978","","10.0"
"The Defiant Ones","1958","","7.6"
"The Descendants","2011","","6.0"
"The Desert Rats","1953","2022-02-03","6.7"
"The Disaster Artist","2017","2018-03-31","8.0"
"The Discreet Charm of the Bourgeoisie","1972","","8.0"
"The Double","2011","2016-05-21","8.0"
"The Double Life of Véronique","1991","","8.0"
"The Dressmaker","2015","2017-05-16","7.0"
"The Drop","2014","2015-06-24","8.5"
"The Drowning","2016","2018-09-12","4.4"
"The Dry","2020","","6.9"
"The Duchess","2008","","6.0"
"The Duel","2016","2017-04-16","5.7"
"The Duke","2020","2023-02-13","6.9"
"The Eagle","2011","","6.2"
"The Eagle Huntress","2016","2017-06-20","7.5"
"The East","2013","","8.0"
"The Eclipse","2009","","6.0"
"The Edge","1997","","8.0"
"The Edge of Seventeen","2016","2017-06-20","7.5"
"The Egg and I","1947","","7.0"
"The Eiger Sanction","1975","2024-01-08","10.0"
"The End of the Tour","2015","2016-02-20","8.0"
"The Equalizer","2014","2015-03-28","7.0"
"The Equalizer 2","2018","2018-12-17","7.5"
"The Exception","2016","2018-07-18","8.0"
"The Eyes of Tammy Faye","2021","2021-11-27","6.5"
"The Fabelmans","2022","2023-05-08","9.5"
"The Fall","2006","","6.0"
"The Fallen Idol","1948","","8.0"
"The Family","2013","","9.0"
"The Farewell","2019","2020-03-29","5.0"
"The Fate of the Furious","2017","2017-10-04","6.8"
"The Father","2020","2021-08-09","8.5"
"The Fault in Our Stars","2014","","8.0"
"The Favourite","2018","2019-04-09","8.0"
"The Fencer","2015","2019-08-30","7.0"
"The 15:17 to Paris","2018","2018-10-06","7.0"
"The Fifth Element","1997","","6.0"
"The Fighter","2010","","8.0"
"The Finest Hours","2016","2020-08-23","7.5"
"The First Grader","2010","","7.5"
"The Fisher King","1991","","8.0"
"The Five People You Meet in Heaven","2004","","6.0"
"The Flash","2023","2023-12-19","8.0"
"The Flash","2023","","6.7"
"Flight of the Red Balloon","2007","","4.0"
"The Florida Project","2017","2020-11-25","7.0"
"The Flowers of War","2011","","8.0"
"The Flying Scotsman","2006","","6.0"
"The Forger","2014","2015-10-06","8.0"
"The Forgiven","2017","2019-10-06","7.0"
"The Founder","2016","2017-05-20","8.5"
"The Fountain","2006","2020-12-27","8.0"
"The Fountainhead","1949","","8.0"
"The French Connection","1971","","10.0"
"The Front Runner","2018","2019-09-02","6.2"
"The Fugitive","1993","2020-10-12","10.0"
"The Full Monty","1997","","6.0"
"The Gambler","2014","2015-08-21","7.5"
"The Game","1997","","10.0"
"The Gentlemen","2019","2020-12-06","8.0"
"The Getaway","1972","","8.0"
"The Ghost Writer","2010","2019-06-05","7.0"
"The Giant Mechanical Man","2012","","7.0"
"The Gift","2015","2016-01-16","7.0"
"La fille de Monaco","2008","","6.0"
"The Girl From Paris","2001","","6.0"
"The Girl in the Book","2015","2016-05-19","6.0"
"The Girl in the Café","2005","","8.0"
"The Girl in the Spider's Web","2018","2019-06-05","6.1"
"The Girl on the Train","2016","2021-11-09","7.5"
"The Girl Who Played with Fire","2009","2019-06-05","7.0"
"The Girl with the Dragon Tattoo","2011","","10.0"
"The Giver","2014","2015-01-31","7.0"
"The Glass Castle","2017","2018-03-31","8.5"
"The Gleaners and I","2000","2021-02-16","6.0"
"The Godfather","1972","2021-09-21","9.0"
"The Godfather Part II","1974","2021-09-24","8.5"
"The Godfather Part III","1990","2021-09-25","7.0"
"The Gods Must Be Crazy","1980","","8.0"
"The Goldfinch","2019","2020-06-08","7.0"
"The Good Liar","2019","2020-11-14","8.5"
"The Good Lie","2014","2015-04-08","9.0"
"The Goonies","1985","","7.8"
"The Graduate","1967","","10.0"
"The Grand Budapest Hotel","2014","","7.5"
"The Grand Seduction","2013","2015-02-06","7.0"
"The Great Buck Howard","2008","","7.0"
"The Great Escape","1963","","9.0"
"The Great Gatsby","2013","2019-06-25","7.5"
"The Great Outdoors","1988","","7.0"
"The Great Raid","2005","2019-06-25","6.7"
"The Great Wall","2016","2017-06-08","6.0"
"The Greatest Game Ever Played","2005","","8.0"
"The Greatest Showman","2017","2018-05-12","8.0"
"The Green Knight","2021","2021-10-20","6.0"
"The Grey","2012","","6.0"
"The Guard","2011","","8.0"
"The Guilty","2018","2019-09-24","7.5"
"The Gunman","2015","2015-11-29","7.0"
"The Hangover","2009","","8.0"
"The Hate U Give","2018","2019-08-30","8.0"
"The Hateful Eight","2015","2016-04-17","8.0"
"The Heart of the Game","2005","","6.0"
"The Heat","2013","2019-07-17","6.6"
"The Help","2011","","7.0"
"The Hero","2017","2018-03-15","7.5"
"The High and the Mighty","1954","","6.8"
"The High Note","2020","2021-02-09","7.5"
"The Hitman's Bodyguard","2017","2018-01-29","7.0"
"The Hobbit: An Unexpected Journey","2012","2020-12-27","10.0"
"The Holiday","2006","","10.0"
"The Homesman","2014","2015-07-27","10.0"
"The Honorable Woman","2014","2015-03-03","9.0"
"The Horse Boy","2009","","6.0"
"The Hours","2002","2019-12-28","9.0"
"The House with a Clock in Its Walls","2018","2019-07-26","6.0"
"The Hudsucker Proxy","1994","2021-02-27","6.0"
"The Hundred-Foot Journey","2014","2015-03-21","9.0"
"The Hunger Games","2012","2023-11-14","9.0"
"The Hunger Games: Catching Fire","2013","2023-11-14","8.0"
"The Hunger Games: Mockingjay - Part 1","2014","2020-01-02","8.5"
"The Hunger Games: Mockingjay - Part 2","2015","2023-11-14","10.0"
"The Hunt","2012","2016-04-23","8.5"
"The Hunt for Red October","1990","2019-08-03","8.0"
"The Hunted","2003","2014-08-24","6.1"
"The Hunted","2003","2024-01-05","9.5"
"The Hunter","2011","","7.0"
"The Hurt Locker","2008","","8.0"
"The Ides of March","2011","","6.0"
"The Imaginarium of Doctor Parnassus","2009","","6.0"
"The Imitation Game","2014","2015-04-03","10.0"
"The Impossible","2012","","7.0"
"The Incredible Hulk","2008","","6.0"
"The Incredibles","2004","","8.0"
"The Inevitable Defeat of Mister & Pete","2013","2015-01-31","7.5"
"The Infiltrator","2016","2017-01-01","7.0"
"The Informant!","2009","","6.0"
"The Informer","2019","2021-08-30","6.5"
"The Insider","1999","2020-12-31","9.5"
"The Insult","2017","2019-01-04","8.0"
"The Intern","2015","2016-04-03","7.0"
"The International","2009","","6.0"
"The Internship","2013","","6.0"
"The Interpreter","2005","","8.0"
"The Intouchables","2011","","9.0"
"The Invisible Man","2020","2020-11-23","7.0"
"The Irishman","2019","2020-12-27","8.0"
"The Iron Lady","2011","","6.0"
"The Italian Job","2003","","10.0"
"The Jackal","1997","","8.0"
"The Judge","2014","2015-03-08","8.0"
"The Jungle Book","2016","2016-12-03","9.0"
"The Karate Kid","1984","","7.3"
"The Keeper","2018","2021-04-12","8.0"
"The Kids Are All Right","2010","","7.5"
"The Killing","1956","2016-02-20","8.0"
"The King's Man","2021","2022-10-18","7.5"
"The Kings of Summer","2013","","8.0"
"The King's Speech","2010","","10.0"
"The Lady in the Van","2015","2016-05-19","7.0"
"The Lady Vanishes","1938","","8.0"
"The Lake House","2006","2020-10-12","6.8"
"The Last Beyond","2019","2021-08-18","5.0"
"The Last Duel","2021","2022-04-01","7.5"
"The Last Full Measure","2019","2020-11-14","7.0"
"The Last Man on the Moon","2014","2016-09-10","7.5"
"The Last Movie Star","2017","2019-11-28","7.0"
"The Last Ride","2012","","8.0"
"The Last Samurai","2003","","10.0"
"The Last Seduction","1994","","8.0"
"The Last Station","2009","","7.0"
"The Last Waltz","1978","","8.0"
"The Last Word","2017","2017-12-25","8.0"
"The Legend of 1900","1998","","8.0"
"The Legend of Lizzie Borden","1975","","7.7"
"The Legend of Tarzan","2016","2017-03-25","6.3"
"The Leisure Seeker","2017","2018-11-03","7.5"
"The Light Between Oceans","2016","2017-05-14","7.0"
"The Lincoln Lawyer","2011","","8.0"
"The Little Prince","2015","","7.7"
"The Little Things","2021","2021-08-15","7.5"
"The Lives of Others","2007","","8.0"
"The Lobster","2015","2016-10-23","8.0"
"The Lodge","2019","2020-07-06","7.5"
"The Lone Ranger","2013","","6.0"
"The Longest Ride","2015","2015-12-22","8.5"
"The Longest Swim","2014","","6.5"
"The Lookout","2007","","8.0"
"The Lord of the Rings: The Fellowship of the Ring","2001","","10.0"
"The Lord of the Rings: The Return of the King","2003","","10.0"
"The Lord of the Rings: The Two Towers","2002","","10.0"
"The Lost City","2022","2022-10-18","8.0"
"The Lost City of Z","2016","2021-09-07","8.5"
"The Lost Room","2006","","8.0"
"The Lost Weekend","1945","2020-07-31","8.0"
"The Lost World: Jurassic Park","1997","","8.0"
"The Lovely Bones","2009","","8.0"
"The Lucky One","2012","","8.0"
"The Lunchbox","2013","2015-07-10","8.0"
"The MacKintosh Man","1973","2017-08-16","7.5"
"The Magic of Belle Isle","2012","","8.0"
"The Magnificent Seven","1960","","8.0"
"The Magnificent Seven (2016)","2016","2017-04-01","7.5"
"The Maltese Falcon","1941","2020-11-30","9.0"
"The Man from Earth","2007","","8.0"
"The Man from Laramie","1955","","8.0"
"The Man from U.N.C.L.E.","2015","2020-01-07","8.5"
"The Man Who Knew Infinity","2015","2016-12-05","7.5"
"The Man Who Knew Too Much","1956","","9.0"
"The Man Who Shot Liberty Valance","1962","","8.0"
"The Man Who Wasn't There","2001","2020-01-01","9.0"
"The Man with the Golden Gun","1974","","8.0"
"The Manchurian Candidate","1962","","8.0"
"The Marksman","2021","2021-09-08","7.0"
"The Martian","2015","2022-06-08","10.0"
"The Matrix","1999","","9.0"
"The Matrix Resurrections","2021","2022-09-18","7.5"
"The Mauritanian","2021","2021-09-08","5.0"
"The Maze Runner","2014","2015-05-05","8.5"
"The Meaning of Life","1983","","5.0"
"The Mechanic","2011","","8.0"
"The Merry Gentleman","2008","","7.0"
"The Messenger","2009","","7.0"
"The Mexican","2001","","8.0"
"The Missing","2003","","6.0"
"The Monuments Men","2014","","8.0"
"The Motel Life","2012","","6.5"
"The Mountain","1956","","8.0"
"The Mountain Between Us","2017","2018-02-04","7.5"
"The Mountain Men","1980","","5.0"
"The Mule","2018","2023-11-14","8.5"
"The Mummy","2017","2019-12-08","7.5"
"The Mustang","2019","2021-06-15","8.0"
"The Naked Spur","1953","","8.0"
"The Namesake","2006","","6.0"
"The National Parks: America's Best Idea","2009","2020-09-17","8.5"
"The NeverEnding Story","1984","","8.0"
"The Next Three Days","2010","","8.0"
"The Nice Guys","2016","2016-10-31","7.5"
"The 9th Life of Louis Drax","2016","2017-04-12","6.3"
"The Notebook","2004","","10.0"
"The November Man","2014","2015-05-13","7.0"
"The Odd Life of Timothy Green","2012","","6.0"
"The Old Man & the Gun","2018","2019-02-24","8.0"
"The 100 Year-Old Man Who Climbed Out the Window and Disappeared","2013","2016-07-15","8.5"
"The Only Living Boy in New York","2017","2018-11-08","8.5"
"The Only Son","1936","","7.8"
"The Other Boleyn Girl","2008","","7.0"
"The Outfit","2022","","7.1"
"The Outlaw Josey Wales","1976","","9.0"
"The Outpost","2020","2020-12-06","7.5"
"The Ox-Bow Incident","1943","","7.0"
"The Painted Veil","2006","","8.0"
"The Paper Tigers","2020","2021-11-11","8.5"
"The Passion of Joan of Arc","1928","","8.0"
"The Passion of the Christ","2004","","7.2"
"The Peanut Butter Falcon","2019","2020-03-19","8.0"
"The Pelican Brief","1993","","6.0"
"The Perfect Storm","2000","2023-11-14","8.0"
"The Perks of Being a Wallflower","2012","","8.0"
"The Place Beyond the Pines","2012","","8.0"
"The Pledge","2001","2021-10-16","8.0"
"The Poison Rose","2019","2020-09-11","4.7"
"The Post","2017","2018-04-30","8.5"
"The Power of One","1992","","7.0"
"The Power of the Dog","2021","2023-01-03","8.0"
"The Prey","2011","","6.7"
"The Pride of the Yankees","1942","","6.0"
"The Professionals","1966","","9.0"
"The Professor and the Madman","2019","2020-02-15","8.5"
"The Promise","2016","2018-03-15","8.0"
"The Pursuit of Happyness","2006","2020-04-22","10.0"
"The Railway Man","2013","","8.0"
"The Rape of Europa","2006","","6.0"
"The Reader","2008","","8.0"
"The Reason I Jump","2020","2021-08-30","5.0"
"The Red Line","1982","","6.0"
"The Red Violin","1998","","8.0"
"The Reluctant Fundamentalist","2012","","7.0"
"The Remains of the Day","1993","","6.0"
"The Replacements","2000","","7.0"
"The Revenant","2015","2019-05-21","9.5"
"The Rewrite","2014","2015-08-12","8.0"
"The Rhythm Section","2020","2020-11-11","9.0"
"The Rider","2017","2018-11-22","7.5"
"The Right Kind of Wrong","2013","2015-04-29","8.0"
"The River","1951","","8.0"
"The Road","2009","","8.0"
"The Road Within","2014","2016-08-24","8.0"
"The Rock","1996","","8.0"
"The Rocket","2013","","6.0"
"The Room","2003","","3.0"
"The Royal Tenenbaums","2001","","8.0"
"The Sand Pebbles","1966","2022-05-21","7.6"
"The Sapphires","2012","2019-07-21","7.0"
"The Savages","2007","","7.0"
"The Sea Chase","1955","","6.5"
"The Sea of Trees","2015","2017-03-30","6.0"
"The Searchers","1956","","10.0"
"The Second Best Exotic Marigold Hotel","2015","2015-08-21","7.5"
"The Secret Garden","1993","","8.0"
"The Secret Garden","2020","2021-08-10","7.0"
"The Secret in Their Eyes","2009","","8.0"
"The Secret Life of Bees","2008","","8.0"
"The Secret Life of Walter Mitty","2013","","6.0"
"The Secret Life of Words","2005","","4.0"
"The Secret Scripture","2016","2019-02-11","6.7"
"The Sense of an Ending","2017","2017-09-16","5.0"
"The Sentinel","2006","","8.0"
"The Sessions","2012","","8.0"
"The Shack","2017","2018-03-15","6.3"
"The Shallows","2016","2016-12-11","7.5"
"The Shape of Water","2017","2019-11-14","9.0"
"The Shining","1980","2020-11-06","8.0"
"The Silence of the Lambs","1991","2020-10-12","8.5"
"The Simpsons Movie","2007","","6.0"
"The Sisters Brothers","2018","2019-05-27","7.5"
"The Sixth Sense","1999","2020-10-12","8.0"
"The Skin I Live In","2011","","6.0"
"The Snowman","2017","2018-09-16","5.1"
"The Snows of Kilimanjaro","1952","","6.1"
"The Snows of Kilimanjaro","1952","","8.0"
"The Social Network","2010","","10.0"
"The Soloist","2009","2020-04-24","10.0"
"The Song of Bernadette","1943","","9.0"
"The Song of Names","2019","","6.4"
"The Sons of Katie Elder","1965","","7.0"
"The Sound of Music","1965","2021-02-19","8.0"
"The Souvenir","2019","2020-02-15","6.5"
"The Space Between Us","2017","2017-09-03","6.4"
"The Spanish Prisoner","1997","","8.0"
"The Spectacular Now","2013","","6.0"
"The Spiderwick Chronicles","2008","","7.0"
"The Spirit of the Beehive","1973","","7.9"
"The Spy Who Loved Me","1977","","8.0"
"The Stand","1994","2020-04-26","9.0"
"The Stanford Prison Experiment","2015","2016-02-26","6.9"
"The Station Agent","2003","","8.0"
"The Sting","1973","","10.0"
"The Story of the Weeping Camel","2003","","6.0"
"The Straight Story","1999","","8.0"
"The Summit","2012","","6.9"
"The Sun Also Rises","1957","","6.2"
"The Sun Also Rises","1957","2020-11-02","8.0"
"The Take","2016","2019-01-29","7.0"
"The Taking of Pelham 1 2 3","2009","2024-01-08","8.0"
"The Talented Mr. Ripley","1999","2020-05-01","8.0"
"The Tender Bar","2021","2022-06-08","8.5"
"The Terminal","2004","","8.0"
"The Terminator","1984","2021-12-23","10.0"
"The Theory of Everything","2014","2015-03-24","8.5"
"The Thief","1997","","8.0"
"The Thin Red Line","1998","2018-09-19","8.5"
"The 39 Steps (1935)","1935","","8.0"
"The 39 Steps (1959)","1959","2016-04-14","6.6"
"The Thomas Crown Affair","1968","","9.0"
"The Three Burials of Melquiades Estrada","2005","2020-05-05","8.0"
"The Time Traveler's Wife","2009","","7.0"
"The Tourist","2010","","6.0"
"The Town","2010","","6.0"
"The Train","1964","2018-09-19","7.8"
"The Train Robbers","1973","","9.0"
"The Transporter","2002","","8.0"
"The Treasure of the Sierra Madre","1948","","8.0"
"The Tree of Life","2011","","6.0"
"The Triplets of Belleville","2003","","8.0"
"The Trouble with Harry","1955","","8.0"
"The 12th Man","2017","2020-07-26","7.4"
"The Two Faces of January","2014","2015-05-13","8.0"
"The Upside","2017","2020-01-30","7.5"
"The Usual Suspects","1995","2019-12-08","10.0"
"The Vanishing","1993","","7.0"
"The Vanishing","2018","2019-04-09","5.8"
"The Vanishing of Sidney Hall","2017","2018-09-16","9.0"
"The Vast of Night","2019","","6.7"
"The Verdict","1982","",""
"The Village","2004","","6.0"
"The Villainess","2017","2023-09-17","6.6"
"The Violent Men","1955","","8.0"
"The Virtuoso","2021","","4.9"
"The Visitor","2007","","8.0"
"The Vow","2012","","7.0"
"The Walk","2015","2016-07-10","8.5"
"The Wall","2017","2018-08-30","7.5"
"The Water Diviner","2014","2016-04-14","7.5"
"The Way","2010","2019-04-26","10.0"
"The Way Back","2010","","7.0"
"The Way Back","2020","2020-11-24","7.5"
"The Way Way Back","2013","2016-08-24","7.5"
"The Way We Were","1973","2023-03-21","7.5"
"The Wedding Guest","2018","2020-07-06","6.5"
"The Wedding Planner","2001","","5.3"
"The Westerner","1940","","6.0"
"The Whistleblower","2010","2017-06-30","7.0"
"The Whole Truth","2016","2017-03-19","6.1"
"The Wife","2017","2019-03-22","8.0"
"The Wild Bunch","1969","","7.0"
"The Wildest Dream","2010","","7.0"
"The Wizard of Oz","1939","","10.0"
"The Wolf of Wall Street","2013","","7.5"
"The Wolverine","2013","","6.0"
"The Woman King","2022","2023-01-01","8.5"
"The Women","2008","","6.0"
"The Words","2012","","7.0"
"The World Is Not Enough","1999","2020-12-15","8.0"
"The World's End","2013","","5.0"
"The Worst Person in the World","2021","2023-02-19","8.5"
"The Wrestler","2008","","6.0"
"The Yards","2000","","7.0"
"The Yellow Birds","2017","2019-12-28","5.7"
"The Yellow Handkerchief","2008","","6.0"
"The Young and Prodigious T.S. Spivet","2013","2019-05-13","8.5"
"The Zookeeper's Wife","2017","2017-09-22","7.0"
"Their Finest","2016","2017-10-20","6.8"
"Thelma & Louise","1991","2019-11-15","10.0"
"There Be Dragons","2011","","7.0"
"There Will Be Blood","2007","","10.0"
"They Shall Not Grow Old","2018","2020-04-12","8.0"
"Thin Ice","2011","","7.0"
"Thirteen Days","2000","","8.0"
"13 Hours","2016","2016-10-31","8.5"
"This Beautiful Fantastic","2016","2019-08-30","7.0"
"This Is Where I Leave You","2014","2015-08-08","9.5"
"This Means War","2012","","8.0"
"Thor","2011","","7.0"
"Thor: Love and Thunder","2022","2023-02-13","7.5"
"Thor: Ragnarok","2017","2018-09-16","8.0"
"Thor: The Dark World","2013","","6.9"
"Those Who Wish Me Dead","2021","2021-12-08","6.0"
"Three Billboards Outside Ebbing, Missouri","2017","2020-07-06","8.0"
"Three Came Home","1950","2022-04-01","7.5"
"Three Kings","1999","","6.0"
"Three Times","2005","2021-02-27","6.0"
"Throw Momma from the Train","1987","2017-08-16","7.0"
"Thunderball","1965","","7.5"
"THX 1138","1971","","7.0"
"Ticket to Paradise","2022","","6.2"
"Tightrope","1984","2023-11-14","8.0"
"Timbuktu","2014","2021-01-09","7.0"
"Tim's Vermeer","2013","","8.0"
"Tin Cup","1996","","6.4"
"Tinker Tailor Soldier Spy","2011","","7.0"
"Titanic","1953","","7.0"
"To Dust","2018","2019-09-04","7.0"
"To Have and Have Not","1944","","8.0"
"To Kill a Mockingbird","1962","","10.0"
"To Rome with Love","2012","","7.0"
"Tolkien","2019","2020-02-15","6.8"
"Tom Horn","1980","","8.0"
"Tomb Raider","2018","2018-08-27","7.5"
"Tommy's Honour","2016","2019-01-29","6.2"
"Tomorrow Never Dies","1997","","8.0"
"Tomorrowland","2015","2016-01-20","8.5"
"Toni Erdmann","2016","2017-04-23","8.0"
"Top Gun","1986","","8.0"
"Top Gun: Maverick","2022","2022-07-08","10.0"
"Topaz","1969","","9.0"
"Topkapi","1964","","7.0"
"Torn Curtain","1966","","9.0"
"Total Recall","1990","","8.0"
"Total Recall","2012","","6.0"
"Touch the Sound: A Sound Journey with Evelyn Glennie","2004","2020-12-15","8.0"
"Touching the Void","2003","","8.0"
"Towelhead","2007","","6.0"
"Tower Heist","2011","","7.0"
"Toy Story","1995","","8.3"
"Three Days of the Condor","1975","","10.0"
"300","2006","","6.8"
"Toy Story 2","1999","2019-01-01","8.0"
"Toy Story 4","2019","2020-01-30","8.0"
"Toy Story 3","2010","","10.0"
"Tracers","2015","2015-10-19","8.5"
"Tracker","2010","","6.0"
"Training Day","2001","","8.0"
"Traitor","2008","","8.0"
"Trance","2013","2015-02-21","7.0"
"Transcendence","2014","","7.0"
"Transsiberian","2008","","6.0"
"Trash","2014","2016-11-30","8.5"
"Treme","2010","","7.0"
"Triangle","2009","2017-04-23","7.0"
"Tristan + Isolde","2006","","6.0"
"Tron","1982","2023-10-30","6.7"
"Tropic Thunder","2008","","4.0"
"Trouble with the Curve","2012","","8.0"
"Troy","2004","","8.0"
"True Grit","1969","2021-11-01","10.0"
"True Grit","2010","2019-12-08","10.0"
"True Story","2015","2015-12-19","7.0"
"Trumbo","2015","2016-06-12","9.0"
"Trust","2010","","6.0"
"Truth","2015","2016-05-19","9.0"
"Tsotsi","2005","","7.2"
"Tuesdays with Morrie","1999","","8.0"
"Tulip Fever","2017","2018-08-23","8.0"
"Tully","2000","","8.0"
"Tully","2018","2018-12-11","7.5"
"Tulpan","2008","","6.0"
"Tumbledown","2015","2016-06-12","7.5"
"12 Monkeys","1995","2020-05-01","8.0"
"12 Angry Men","1957","","10.0"
"Twelve O'Clock High","1949","","10.0"
"12 Strong","2018","2018-08-17","8.0"
"Twelve Years a Slave","2013","","8.0"
"20th Century Women","2016","2017-09-16","8.0"
"20 Feet from Stardom","2013","","8.0"
"24 Hours to Live","2017","2018-12-19","6.0"
"21 Bridges","2019","2020-11-11","7.5"
"21 Grams","2003","","8.0"
"23 Blast","2014","2019-02-11","6.5"
"2012","2009","","2.0"
"Twister","1996","2019-12-08","10.0"
"Two Brothers","2004","","6.0"
"Two Lovers","2008","","7.0"
"Two Soldiers","2003","","7.0"
"Two Weeks Notice","2002","","6.1"
"Ulysses","1954","","6.7"
"Uncanny","2015","2016-04-14","7.5"
"Uncut Gems","2019","2021-02-03","4.4"
"Undefeated","2011","","7.0"
"Under My Skin","1950","2022-08-15","8.0"
"Under the Skin","2013","2024-01-08",""
"Unfinished Song","2012","","6.0"
"Unforgiven","1992","","9.0"
"Unknown","2011","2019-11-29","9.0"
"Unlocked","2017","2018-06-10","8.0"
"Unsane","2018","2018-11-12","6.4"
"Unstoppable","2010","","6.0"
"Up","2009","","8.0"
"Up in the Air","2009","2020-04-12","7.5"
"Upgrade","2018","2018-12-08","8.0"
"Us","2019","2021-10-06","7.0"
"V for Vendetta","2005","2018-08-23","8.0"
"Valerian and the City of a Thousand Planets","2017","2021-01-14","7.0"
"Valkyrie","2008","","8.0"
"Valley Uprising","2014","","8.1"
"Vanilla Sky","2001","2022-06-13","9.5"
"Vantage Point","2008","","6.0"
"Venom","2018","2019-03-29","7.5"
"Veronika Voss","1982","","7.8"
"Vertigo","1958","","9.0"
"Vice","2018","2019-05-13","7.0"
"Viceroy's House","2017","2019-02-18","7.0"
"Vicky Cristina Barcelona","2008","","6.0"
"Victoria & Abdul","2017","2018-08-09","6.8"
"Vincere","2009","","8.0"
"Viridiana","1961","","8.1"
"Vitus","2006","","8.0"
"Volver","2006","","7.0"
"Von Ryan's Express","1965","","7.1"
"Wait Until Dark","1967","","6.0"
"Waiting for Superman","2010","","8.0"
"Waitress","2007","","8.0"
"Waking Ned Devine","1998","","7.0"
"Walking Out","2017","2019-10-30","7.0"
"Wall Street","1987","","6.0"
"Wall Street: Money Never Sleeps","2010","","8.0"
"WALL·E","2008","","10.0"
"Waltz With Bashir","2008","","6.0"
"War Dogs","2016","2017-06-22","7.5"
"War for the Planet of the Apes","2017","","7.4"
"War Horse","2011","","10.0"
"War of the Worlds","2005","","8.0"
"Warrior","2011","","7.0"
"Water for Elephants","2011","","9.0"
"We Are Marshall","2006","","10.0"
"We Bought a Zoo","2011","","9.0"
"We Were Soldiers","2002","2019-11-26","7.5"
"Weekend at Bernie's","1989","","7.0"
"Wendy and Lucy","2008","2020-12-06","8.0"
"We're No Angels","1955","","8.0"
"We're the Millers","2013","","7.0"
"West Side Story","1961","","9.0"
"West Side Story","2021","2022-06-08","9.0"
"What Ever Happened to Baby Jane?","1962","","8.1"
"What If","2013","2015-02-14","8.0"
"What Just Happened","2008","","6.0"
"What We Did on Our Holiday","2014","2019-01-06","7.0"
"What's Eating Gilbert Grape","1993","","9.0"
"When the Game Stands Tall","2014","2015-11-19","7.0"
"Where Eagles Dare","1968","","10.0"
"Where the Crawdads Sing","2022","2022-12-08","8.0"
"Where the Wild Things Are","2009","","7.0"
"Where'd You Go, Bernadette","2019","2020-07-31","6.5"
"While We're Young","2014","2015-11-11","9.0"
"Whip It","2009","","8.0"
"Whiplash","2014","2019-09-03","9.5"
"Whiskey Tango Foxtrot","2016","2016-10-09","8.0"
"2:22","2017","2019-02-02","7.0"
"Three Colors: White","1994","","6.0"
"White Boy Rick","2018","2019-06-23","6.4"
"White Fang","1991","","10.0"
"White House Down","2013","","6.0"
"White Material","2009","2020-12-02","8.0"
"Whitney","2018","2021-08-30","6.0"
"Who Framed Roger Rabbit","1988","","7.7"
"Why Him?","2016","2017-09-16","6.3"
"Widows","2018","2019-06-23","7.0"
"Wild","2014","2020-08-20","8.0"
"Wild Mountain Thyme","2020","2021-04-12","7.0"
"Wild Tales","2014","2015-08-24","9.0"
"Wild Target","2010","","8.0"
"Wildlike","2014","2016-07-15","6.6"
"Will Penny","1968","","8.0"
"Willow","1988","2019-03-22","6.5"
"Win Win","2011","","8.0"
"Wind River","2000","","8.0"
"Wind River","2017","2018-01-06","9.0"
"Winged Migration","2001","","8.0"
"Wings of Desire","1987","","7.0"
"Winter's Bone","2010","","8.0"
"Winter's Tale","2014","","7.5"
"Wolf","1994","","8.0"
"Woman in Gold","2015","2015-07-30","8.0"
"Woman Walks Ahead","2017","2020-07-06","8.0"
"Wonder","2017","2018-03-31","8.0"
"Wonder Woman","2017","2017-10-09","8.5"
"Wonderstruck","2017","2018-10-09","5.5"
"Wondrous Oblivion","2003","","6.0"
"Won't Back Down","2012","","7.0"
"Won't You Be My Neighbor?","2018","2019-01-04","6.0"
"Words and Pictures","2013","","9.0"
"Words on Bathroom Walls","2020","","7.2"
"World War Z","2013","","8.0"
"Wuthering Heights","2011","","8.0"
"X-Men: Dark Phoenix","2019","2020-03-19","7.5"
"X-Men: Days of Future Past","2014","2015-02-01","8.5"
"X-Men: First Class","2011","2014-08-24","7.5"
"X-Men: The Last Stand","2006","2014-08-24","8.0"
"X2: X-Men United","2003","2014-08-24","8.0"
"Yankee Doodle Dandy","1942","","7.7"
"Yellowstone","2018","","9.0"
"Yesterday","2004","","8.0"
"Yesterday","2019","2019-12-10","9.5"
"Yi Yi","2000","","8.2"
"Yojimbo","1961","","6.0"
"Yoo-Hoo, Mrs. Goldberg","2009","","4.0"
"You Again","2010","","6.0"
"You Only Live Twice","1967","2020-12-21","7.5"
"You Were Never Really Here","2017","2018-11-22","6.8"
"Young@Heart","2007","","8.0"
"Young Adult","2011","","8.0"
"Young Frankenstein","1974","","8.0"
"Your Sister's Sister","2011","2016-04-29","7.5"
"You're Not You","2014","2015-06-22","7.5"
"Youth","2015","2016-06-30","7.5"
"Z for Zachariah","2015","2016-01-31","7.0"
"Zelary","2003","","6.0"
"Zoo","2017","2018-12-22","7.5"
"Zorba the Greek","1964","","10.0"
"Papillon","1973","","10.0"
"Papillon","2017","2019-03-09","8.0"
"Marple","2004","","7.8"
"Bab'Aziz: The Prince That Contemplated His Soul","2005","","8.0"
"Birds of Prey","2020","2021-01-30","8.0"
"Borg vs. McEnroe","2017","2019-01-29","7.5"
"BS High","2023","",""
"Cherry Blossoms","2008","","6.0"
"Merry Christmas","2005","2019-09-15","8.0"
"Cléo from 5 to 7","1962","","7.9"
"Coda","2019","2021-11-18","7.0"
"CODA","2022","2022-06-08","9.5"
"8½","1963","","8.0"
"For Grace","2015","2017-06-08","7.5"
"Fast & Furious 6","2013","2015-05-09","8.0"
"Fury","1936","","9.0"
"Fury","2014","2024-01-08","9.0"
"Harry Potter and the Deathly Hallows: Part II","2011","","10.0"
"Hatfields & McCoys","2012","2019-05-13","7.0"
"The Cousteau Odyssey","1977","","4.0"
"Karol: A Man Who Became Pope","2005","","7.0"
"Loving","2016","2017-05-16","7.0"
"Everest: 50 Years on the Mountain","2003","","7.0"
"Vacation","1983","2018-08-23","7.5"
"Nosferatu the Vampyre","1979","2021-10-24","7.5"
"Of Gods and Men","2010","","6.0"
"Paris","2008","","6.0"
"Peace, Love & Misunderstanding","2011","","5.0"
"Outer Range","2022","2022-06-08","7.1"
"Three Colors: Red","1994","","6.0"
"Scoop","2006","","7.0"
"The Aryan Couple","2004","","6.0"
"The Manchurian Candidate","2004","","9.0"
"The Rocketeer","1991","2021-06-05","6.5"
"The Miracle Worker","2001","","5.0"
"la graine et le mulet","2007","","5.0"
"The Tunnel","2001","","8.0"
"30 Rock","2006","","9.0"
